Vyzkumy_Vyzkum,Naleziste,Katastr,cis_ku,Okres,Kraj,Stat,Stat_EN,lokalita,PIAN,FytoGeo,s_syst,c_map,Z,J,WGS_X,WGS_Y,Vyzkumy_nadmV,archVed,instArch,instArch_date,Limes,Botanik,autPub,rokPub,okVyzk,PDF_archiv,clanek:tisk/PDF,Pole1,Zkratka publikace,pridat na web,na web,PoznVyzk,Přidáno,Vzorky_Vyzkum,Vzorky_Objekt,Vzorky_Vzorek,Strat,vzorek_poradi,Vrstva,sektor,plan,hloubOd,hloubDo,suchy,ChronoDat,zasobnice,ArchDtc,kultSkup,vzorekTyp,objem,ORG2_0,ORG1_0,ORG0_5,ORG0_25,MIN2_0,MIN1_0,MIN0_5,MIN0_25,naPyl,HmotUhl,NeurcUhl,poznVzorek,Vzorky_nadmV,KoordX,KoordY,KoordZ,semena_inv,uhliky_inv,drevo_inv,ArchDat_od,ArchDat_do,Vzorky_F19,Vzorky_F20,Vzorky_F21,Vzorky_F22,Vzorky_F23,Vzorky_F24,Vzorky_F25,Vzorky_F26,Vzorky_F27,Vysledky_Vyzkum,Vysledky_Objekt,Vysledky_Vzorek,Vysledky_PCODE,Vysledky_cf,Typ,Vysledky_makrozbTyp,Vysledky_zach,sumaCele,sumaHmot,Vysledky_odhad,sumaFrag,Vysledky_datVloz,poznDet,sumaFrag1,Vysledky_datVloz1,poznDet1,Vysledky_Taxon,Vysledky_FFrag,Vysledky_FHmot,datVloz2,Vysledky_PoznFrakce,Celed,RedListCR,Taxon_pro web,Taxon pro web_novy,makrozb_typ_NA_WEB,Taxon_pro_web_cf2,Detaily_Vyzkum,Detaily_Objekt,Detaily_Vzorek,Detaily_PCODE,frakce,Detaily_cf,Detaily_makrozbTyp,Detaily_zach,rPocet,rHmot,Detaily_odhad,rFrag,nasobitel,FPocet,Detaily_FFrag,Detaily_FHmot,Detaily_datVloz,Detaily_PoznFrakce,Detaily_F15,Detaily_F16,FHmot1,Detaily_datVloz1,poznFrakce1,Detaily_Taxon,Detaily_F25,Detaily_F26,Detaily_F27,F28,F29,F30,F31,Objekty_Vyzkum,Objekty_Objekt,plochaRez,objTyp,objTyp_EN,typNaleziste,typNaleziste_EN,typNalNejisty,okObj,botDet,rokDet,poznObj,aktivita,depot,F13,Objekty_F14,Objekty_F15,Objekty_F16,F12,F131,F141,F151,F161,Objekty_F17,Objekty_F18,Objekty_F19,Objekty_F20,Objekty_F21,Objekty_F22,Objekty_F23,Objekty_F24,Sezony_Vyzkum,Sezony_Objekt,rok,Datace_Vyzkum,Datace_Objekt,Datace_Vzorek,podvzor,Datace C14,Datace_Carbon-14_EN,Age_type_ID,labCislo,material,metoda,podkLet,C14-BP,stDevC14,cal-C14,dendroD,jineDatum,C13-PDB,stDevC13,pMC,stDev-PMC,poznDat,Datace_F14,Datace_F15,Datace_F16,Datace_F17,Datace_F18,Datace_F19,1731,Datace_F21,Pozn: datováno 41-43 cm,F171,F181,F191,Datace_F20,F211,Datace_F22,Datace_F23,Datace_F24,Datace_F25,Datace_F26,Datace_F27
Darko,Dářko,Radostín,,Žďár nad Sázavou,Vysočina,CZ,Czech Republic,,,,,,155233,493816,15.8758331,49.6377781,622,"Roleček J., BÚ AVČR Brno",2016,2016-01-01,FALSE,Hájková P.,,,TRUE,,,0,,,,,,Darko,Darko,01,,1,361,,,,,FALSE,AT,FALSE,ArchDat?,,,0.01,,,,,,,,,TRUE,,,,,,,,zk,,zk,,,,,FALSE,,,,,,,Darko,Darko,01,moSPHAG,-,TRUE,tobolka,nz,50,,FALSE,,3/13/23,,,,,Sphagnum sp.,,0,,,,,,,,,Darko,Darko,01,moSPHAG,"ORG 1,0",-,tobolka,nz,50,,FALSE,,1,50,,,3/13/23,,Sphagnum sp.,0,,,,,,,,,,,,Darko,Darko,,vrt,core,rašel,Mire,FALSE,TRUE,Hájková P.,2019,,,,FALSE,,,,,,,,,,,,,FALSE,,,,,,,Darko,Darko,01,361,,,,,,jiné,FALSE,,,6040,,,,,,,Data odečtená z křivky (Depth Age Model),,,,,,,0,,,,,,,,,,,,,
Darko,Dářko,Radostín,,Žďár nad Sázavou,Vysočina,CZ,Czech Republic,,,,,,155233,493816,15.8758331,49.6377781,622,"Roleček J., BÚ AVČR Brno",2016,2016-01-01,FALSE,Hájková P.,,,TRUE,,,0,,,,,,Darko,Darko,02,,2,380,,,,,FALSE,AT,FALSE,ArchDat?,,,0.01,,,,,,,,,TRUE,,,,,,,,zk,,zk,,,,,FALSE,,,,,,,Darko,Darko,02,METRI,-,TRUE,se/plod,nz,1,,FALSE,,3/13/23,,,,,Menyanthes trifoliata,,0,,,,,,,,,Darko,Darko,02,METRI,"ORG 1,0",-,se/plod,nz,1,,FALSE,,1,1,,,3/13/23,,Menyanthes trifoliata,0,,,,,,,,,,,,Darko,Darko,,vrt,core,rašel,Mire,FALSE,TRUE,Hájková P.,2019,,,,FALSE,,,,,,,,,,,,,FALSE,,,,,,,Darko,Darko,02,380,,,,,,jiné,FALSE,,,6385,,,,,,,Data odečtená z křivky (Depth Age Model),,,,,,,0,,,,,,,,,,,,,
Darko,Dářko,Radostín,,Žďár nad Sázavou,Vysočina,CZ,Czech Republic,,,,,,155233,493816,15.8758331,49.6377781,622,"Roleček J., BÚ AVČR Brno",2016,2016-01-01,FALSE,Hájková P.,,,TRUE,,,0,,,,,,Darko,Darko,02,,2,380,,,,,FALSE,AT,FALSE,ArchDat?,,,0.01,,,,,,,,,TRUE,,,,,,,,zk,,zk,,,,,FALSE,,,,,,,Darko,Darko,02,moSPHAG,-,TRUE,tobolka,nz,40,,FALSE,,3/13/23,,,,,Sphagnum sp.,,0,,,,,,,,,Darko,Darko,02,moSPHAG,"ORG 1,0",-,tobolka,nz,40,,FALSE,,1,40,,,3/13/23,,Sphagnum sp.,0,,,,,,,,,,,,Darko,Darko,,vrt,core,rašel,Mire,FALSE,TRUE,Hájková P.,2019,,,,FALSE,,,,,,,,,,,,,FALSE,,,,,,,Darko,Darko,02,380,,,,,,jiné,FALSE,,,6385,,,,,,,Data odečtená z křivky (Depth Age Model),,,,,,,0,,,,,,,,,,,,,
Darko,Dářko,Radostín,,Žďár nad Sázavou,Vysočina,CZ,Czech Republic,,,,,,155233,493816,15.8758331,49.6377781,622,"Roleček J., BÚ AVČR Brno",2016,2016-01-01,FALSE,Hájková P.,,,TRUE,,,0,,,,,,Darko,Darko,03,,3,390,,,,,FALSE,AT,FALSE,ArchDat?,,,0.01,,,,,,,,,TRUE,,,,,,,,zk,,zk,,,,,FALSE,,,,,,,Darko,Darko,03,moSPHAG,-,TRUE,tobolka,nz,50,,FALSE,,3/13/23,,,,,Sphagnum sp.,,0,,,,,,,,,Darko,Darko,03,moSPHAG,"ORG 1,0",-,tobolka,nz,50,,FALSE,,1,50,,,3/13/23,,Sphagnum sp.,0,,,,,,,,,,,,Darko,Darko,,vrt,core,rašel,Mire,FALSE,TRUE,Hájková P.,2019,,,,FALSE,,,,,,,,,,,,,FALSE,,,,,,,Darko,Darko,03,390,,,,,,jiné,FALSE,,,6551,,,,,,,Data odečtená z křivky (Depth Age Model),,,,,,,0,,,,,,,,,,,,,
Darko,Dářko,Radostín,,Žďár nad Sázavou,Vysočina,CZ,Czech Republic,,,,,,155233,493816,15.8758331,49.6377781,622,"Roleček J., BÚ AVČR Brno",2016,2016-01-01,FALSE,Hájková P.,,,TRUE,,,0,,,,,,Darko,Darko,03,,3,390,,,,,FALSE,AT,FALSE,ArchDat?,,,0.01,,,,,,,,,TRUE,,,,,,,,zk,,zk,,,,,FALSE,,,,,,,Darko,Darko,03,ERVAG,-,TRUE,veget,nz,,5,FALSE,,3/13/23,,,,,Eriophorum vaginatum,,0,,,,,,,,,Darko,Darko,03,ERVAG,"ORG 1,0",-,veget,nz,,5,FALSE,,1,,,5,3/13/23,,Eriophorum vaginatum,0,,,,,,,,,,,,Darko,Darko,,vrt,core,rašel,Mire,FALSE,TRUE,Hájková P.,2019,,,,FALSE,,,,,,,,,,,,,FALSE,,,,,,,Darko,Darko,03,390,,,,,,jiné,FALSE,,,6551,,,,,,,Data odečtená z křivky (Depth Age Model),,,,,,,0,,,,,,,,,,,,,
Darko,Dářko,Radostín,,Žďár nad Sázavou,Vysočina,CZ,Czech Republic,,,,,,155233,493816,15.8758331,49.6377781,622,"Roleček J., BÚ AVČR Brno",2016,2016-01-01,FALSE,Hájková P.,,,TRUE,,,0,,,,,,Darko,Darko,03,,3,390,,,,,FALSE,AT,FALSE,ArchDat?,,,0.01,,,,,,,,,TRUE,,,,,,,,zk,,zk,,,,,FALSE,,,,,,,Darko,Darko,03,moCAGIG,-,TRUE,mech,nz,,1,FALSE,,3/13/23,,,,,Calliergon giganteum,,0,,,,,,,,,Darko,Darko,03,moCAGIG,"ORG 1,0",-,mech,nz,,1,FALSE,,1,,,1,3/13/23,,Calliergon giganteum,0,,,,,,,,,,,,Darko,Darko,,vrt,core,rašel,Mire,FALSE,TRUE,Hájková P.,2019,,,,FALSE,,,,,,,,,,,,,FALSE,,,,,,,Darko,Darko,03,390,,,,,,jiné,FALSE,,,6551,,,,,,,Data odečtená z křivky (Depth Age Model),,,,,,,0,,,,,,,,,,,,,
Darko,Dářko,Radostín,,Žďár nad Sázavou,Vysočina,CZ,Czech Republic,,,,,,155233,493816,15.8758331,49.6377781,622,"Roleček J., BÚ AVČR Brno",2016,2016-01-01,FALSE,Hájková P.,,,TRUE,,,0,,,,,,Darko,Darko,04,,4,400,,,,,FALSE,AT,FALSE,ArchDat?,,,0.01,,,,,,,,,TRUE,,,,,,,,zk,,zk,,,,,FALSE,,,,,,,Darko,Darko,04,ERVAG,-,TRUE,spindl,nz,70,,FALSE,,3/13/23,,,,,Eriophorum vaginatum,,0,,,,,,,,,Darko,Darko,04,ERVAG,"ORG 1,0",-,spindl,nz,70,,FALSE,,1,70,,,3/13/23,,Eriophorum vaginatum,0,,,,,,,,,,,,Darko,Darko,,vrt,core,rašel,Mire,FALSE,TRUE,Hájková P.,2019,,,,FALSE,,,,,,,,,,,,,FALSE,,,,,,,Darko,Darko,04,400,C14 datace,Carbon-14,Radiocarbon years BP,Poz-92951,,C14 datace,FALSE,5645,35,6751,,,,,,,,,,,,,,0,,,,,,,,,,,,,
Darko,Dářko,Radostín,,Žďár nad Sázavou,Vysočina,CZ,Czech Republic,,,,,,155233,493816,15.8758331,49.6377781,622,"Roleček J., BÚ AVČR Brno",2016,2016-01-01,FALSE,Hájková P.,,,TRUE,,,0,,,,,,Darko,Darko,04,,4,400,,,,,FALSE,AT,FALSE,ArchDat?,,,0.01,,,,,,,,,TRUE,,,,,,,,zk,,zk,,,,,FALSE,,,,,,,Darko,Darko,04,METRI,-,TRUE,se/plod,nz,2,,FALSE,,3/13/23,,,,,Menyanthes trifoliata,,0,,,,,,,,,Darko,Darko,04,METRI,"ORG 1,0",-,se/plod,nz,2,,FALSE,,1,2,,,3/13/23,,Menyanthes trifoliata,0,,,,,,,,,,,,Darko,Darko,,vrt,core,rašel,Mire,FALSE,TRUE,Hájková P.,2019,,,,FALSE,,,,,,,,,,,,,FALSE,,,,,,,Darko,Darko,04,400,C14 datace,Carbon-14,Radiocarbon years BP,Poz-92951,,C14 datace,FALSE,5645,35,6751,,,,,,,,,,,,,,0,,,,,,,,,,,,,
Darko,Dářko,Radostín,,Žďár nad Sázavou,Vysočina,CZ,Czech Republic,,,,,,155233,493816,15.8758331,49.6377781,622,"Roleček J., BÚ AVČR Brno",2016,2016-01-01,FALSE,Hájková P.,,,TRUE,,,0,,,,,,Darko,Darko,04,,4,400,,,,,FALSE,AT,FALSE,ArchDat?,,,0.01,,,,,,,,,TRUE,,,,,,,,zk,,zk,,,,,FALSE,,,,,,,Darko,Darko,04,moSPHAG,-,TRUE,tobolka,nz,5,,FALSE,,3/13/23,,,,,Sphagnum sp.,,0,,,,,,,,,Darko,Darko,04,moSPHAG,"ORG 1,0",-,tobolka,nz,5,,FALSE,,1,5,,,3/13/23,,Sphagnum sp.,0,,,,,,,,,,,,Darko,Darko,,vrt,core,rašel,Mire,FALSE,TRUE,Hájková P.,2019,,,,FALSE,,,,,,,,,,,,,FALSE,,,,,,,Darko,Darko,04,400,C14 datace,Carbon-14,Radiocarbon years BP,Poz-92951,,C14 datace,FALSE,5645,35,6751,,,,,,,,,,,,,,0,,,,,,,,,,,,,
Darko,Dářko,Radostín,,Žďár nad Sázavou,Vysočina,CZ,Czech Republic,,,,,,155233,493816,15.8758331,49.6377781,622,"Roleček J., BÚ AVČR Brno",2016,2016-01-01,FALSE,Hájková P.,,,TRUE,,,0,,,,,,Darko,Darko,04,,4,400,,,,,FALSE,AT,FALSE,ArchDat?,,,0.01,,,,,,,,,TRUE,,,,,,,,zk,,zk,,,,,FALSE,,,,,,,Darko,Darko,04,ERVAG,-,TRUE,veget,nz,,93,FALSE,,3/13/23,,,,,Eriophorum vaginatum,,0,,,,,,,,,Darko,Darko,04,ERVAG,"ORG 1,0",-,veget,nz,,93,FALSE,,1,,,93,3/13/23,,Eriophorum vaginatum,0,,,,,,,,,,,,Darko,Darko,,vrt,core,rašel,Mire,FALSE,TRUE,Hájková P.,2019,,,,FALSE,,,,,,,,,,,,,FALSE,,,,,,,Darko,Darko,04,400,C14 datace,Carbon-14,Radiocarbon years BP,Poz-92951,,C14 datace,FALSE,5645,35,6751,,,,,,,,,,,,,,0,,,,,,,,,,,,,
Darko,Dářko,Radostín,,Žďár nad Sázavou,Vysočina,CZ,Czech Republic,,,,,,155233,493816,15.8758331,49.6377781,622,"Roleček J., BÚ AVČR Brno",2016,2016-01-01,FALSE,Hájková P.,,,TRUE,,,0,,,,,,Darko,Darko,04,,4,400,,,,,FALSE,AT,FALSE,ArchDat?,,,0.01,,,,,,,,,TRUE,,,,,,,,zk,,zk,,,,,FALSE,,,,,,,Darko,Darko,04,moSPSUS,-,TRUE,mech,nz,,1,FALSE,,3/13/23,,,,,Sphagnum subsecundum,,0,,,,,,,,,Darko,Darko,04,moSPSUS,"ORG 1,0",-,mech,nz,,1,FALSE,,1,,,1,3/13/23,,Sphagnum subsecundum,0,,,,,,,,,,,,Darko,Darko,,vrt,core,rašel,Mire,FALSE,TRUE,Hájková P.,2019,,,,FALSE,,,,,,,,,,,,,FALSE,,,,,,,Darko,Darko,04,400,C14 datace,Carbon-14,Radiocarbon years BP,Poz-92951,,C14 datace,FALSE,5645,35,6751,,,,,,,,,,,,,,0,,,,,,,,,,,,,
Darko,Dářko,Radostín,,Žďár nad Sázavou,Vysočina,CZ,Czech Republic,,,,,,155233,493816,15.8758331,49.6377781,622,"Roleček J., BÚ AVČR Brno",2016,2016-01-01,FALSE,Hájková P.,,,TRUE,,,0,,,,,,Darko,Darko,05,,5,431,,,,,FALSE,AT,FALSE,ArchDat?,,,0.01,,,,,,,,,TRUE,,,,,,,,zk,,zk,,,,,FALSE,,,,,,,Darko,Darko,05,ERVAG,-,TRUE,veget,nz,,20,FALSE,,3/13/23,,,,,Eriophorum vaginatum,,0,,,,,,,,,Darko,Darko,05,ERVAG,"ORG 1,0",-,veget,nz,,20,FALSE,,1,,,20,3/13/23,,Eriophorum vaginatum,0,,,,,,,,,,,,Darko,Darko,,vrt,core,rašel,Mire,FALSE,TRUE,Hájková P.,2019,,,,FALSE,,,,,,,,,,,,,FALSE,,,,,,,Darko,Darko,05,431,,,,,,jiné,FALSE,,,7046,,,,,,,Data odečtená z křivky (Depth Age Model),,,,,,,0,,,,,,,,,,,,,
Darko,Dářko,Radostín,,Žďár nad Sázavou,Vysočina,CZ,Czech Republic,,,,,,155233,493816,15.8758331,49.6377781,622,"Roleček J., BÚ AVČR Brno",2016,2016-01-01,FALSE,Hájková P.,,,TRUE,,,0,,,,,,Darko,Darko,05,,5,431,,,,,FALSE,AT,FALSE,ArchDat?,,,0.01,,,,,,,,,TRUE,,,,,,,,zk,,zk,,,,,FALSE,,,,,,,Darko,Darko,05,METRI,G,TRUE,veget,nz,,50,FALSE,,3/13/23,,,,,Menyanthes trifoliata,,0,,,,,,,,,Darko,Darko,05,METRI,"ORG 1,0",G,veget,nz,,50,FALSE,,1,,,50,3/13/23,,Menyanthes trifoliata,0,,,,,,,,,,,,Darko,Darko,,vrt,core,rašel,Mire,FALSE,TRUE,Hájková P.,2019,,,,FALSE,,,,,,,,,,,,,FALSE,,,,,,,Darko,Darko,05,431,,,,,,jiné,FALSE,,,7046,,,,,,,Data odečtená z křivky (Depth Age Model),,,,,,,0,,,,,,,,,,,,,
Darko,Dářko,Radostín,,Žďár nad Sázavou,Vysočina,CZ,Czech Republic,,,,,,155233,493816,15.8758331,49.6377781,622,"Roleček J., BÚ AVČR Brno",2016,2016-01-01,FALSE,Hájková P.,,,TRUE,,,0,,,,,,Darko,Darko,06,,6,432,,,,,FALSE,AT,FALSE,ArchDat?,,,0.01,,,,,,,,,TRUE,,,,,,,,zk,,zk,,,,,FALSE,,,,,,,Darko,Darko,06,ERVAG,-,TRUE,veget,nz,,20,FALSE,,3/13/23,,,,,Eriophorum vaginatum,,0,,,,,,,,,Darko,Darko,06,ERVAG,"ORG 1,0",-,veget,nz,,20,FALSE,,1,,,20,3/13/23,,Eriophorum vaginatum,0,,,,,,,,,,,,Darko,Darko,,vrt,core,rašel,Mire,FALSE,TRUE,Hájková P.,2019,,,,FALSE,,,,,,,,,,,,,FALSE,,,,,,,Darko,Darko,06,432,,,,,,jiné,FALSE,,,7056,,,,,,,Data odečtená z křivky (Depth Age Model),,,,,,,0,,,,,,,,,,,,,
Darko,Dářko,Radostín,,Žďár nad Sázavou,Vysočina,CZ,Czech Republic,,,,,,155233,493816,15.8758331,49.6377781,622,"Roleček J., BÚ AVČR Brno",2016,2016-01-01,FALSE,Hájková P.,,,TRUE,,,0,,,,,,Darko,Darko,07,,7,435,,,,,FALSE,AT,FALSE,ArchDat?,,,0.01,,,,,,,,,TRUE,,,,,,,,zk,,zk,,,,,FALSE,,,,,,,Darko,Darko,07,BEPEP,-,TRUE,dřevo,nz,,20,FALSE,,3/13/23,,,,,Betula pendula/pubescens (alba-Typ),,0,,,,,,,,,Darko,Darko,07,BEPEP,"ORG 1,0",-,dřevo,nz,,20,FALSE,,1,,,20,3/13/23,,Betula pendula/pubescens (alba-Typ),0,,,,,,,,,,,,Darko,Darko,,vrt,core,rašel,Mire,FALSE,TRUE,Hájková P.,2019,,,,FALSE,,,,,,,,,,,,,FALSE,,,,,,,Darko,Darko,07,435,,,,,,jiné,FALSE,,,7087,,,,,,,Data odečtená z křivky (Depth Age Model),,,,,,,0,,,,,,,,,,,,,
Darko,Dářko,Radostín,,Žďár nad Sázavou,Vysočina,CZ,Czech Republic,,,,,,155233,493816,15.8758331,49.6377781,622,"Roleček J., BÚ AVČR Brno",2016,2016-01-01,FALSE,Hájková P.,,,TRUE,,,0,,,,,,Darko,Darko,07,,7,435,,,,,FALSE,AT,FALSE,ArchDat?,,,0.01,,,,,,,,,TRUE,,,,,,,,zk,,zk,,,,,FALSE,,,,,,,Darko,Darko,07,BETU,-,TRUE,periderm,nz,,5,FALSE,,3/13/23,,,,,Betula sp.,,0,,,,,,,,,Darko,Darko,07,BETU,"ORG 1,0",-,periderm,nz,,5,FALSE,,1,,,5,3/13/23,,Betula sp.,0,,,,,,,,,,,,Darko,Darko,,vrt,core,rašel,Mire,FALSE,TRUE,Hájková P.,2019,,,,FALSE,,,,,,,,,,,,,FALSE,,,,,,,Darko,Darko,07,435,,,,,,jiné,FALSE,,,7087,,,,,,,Data odečtená z křivky (Depth Age Model),,,,,,,0,,,,,,,,,,,,,
Darko,Dářko,Radostín,,Žďár nad Sázavou,Vysočina,CZ,Czech Republic,,,,,,155233,493816,15.8758331,49.6377781,622,"Roleček J., BÚ AVČR Brno",2016,2016-01-01,FALSE,Hájková P.,,,TRUE,,,0,,,,,,Darko,Darko,07,,7,435,,,,,FALSE,AT,FALSE,ArchDat?,,,0.01,,,,,,,,,TRUE,,,,,,,,zk,,zk,,,,,FALSE,,,,,,,Darko,Darko,07,ERVAG,-,TRUE,veget,nz,,30,FALSE,,3/13/23,,,,,Eriophorum vaginatum,,0,,,,,,,,,Darko,Darko,07,ERVAG,"ORG 1,0",-,veget,nz,,30,FALSE,,1,,,30,3/13/23,,Eriophorum vaginatum,0,,,,,,,,,,,,Darko,Darko,,vrt,core,rašel,Mire,FALSE,TRUE,Hájková P.,2019,,,,FALSE,,,,,,,,,,,,,FALSE,,,,,,,Darko,Darko,07,435,,,,,,jiné,FALSE,,,7087,,,,,,,Data odečtená z křivky (Depth Age Model),,,,,,,0,,,,,,,,,,,,,
Darko,Dářko,Radostín,,Žďár nad Sázavou,Vysočina,CZ,Czech Republic,,,,,,155233,493816,15.8758331,49.6377781,622,"Roleček J., BÚ AVČR Brno",2016,2016-01-01,FALSE,Hájková P.,,,TRUE,,,0,,,,,,Darko,Darko,08,,8,440,,,,,FALSE,AT,FALSE,ArchDat?,,,0.01,,,,,,,,,TRUE,,,,,,,,zk,,zk,,,,,FALSE,,,,,,,Darko,Darko,08,ERVAG,-,TRUE,se/plod,nz,6,,FALSE,,3/13/23,,,,,Eriophorum vaginatum,,0,,,,,,,,,Darko,Darko,08,ERVAG,"ORG 1,0",-,se/plod,nz,6,,FALSE,,1,6,,,3/13/23,,Eriophorum vaginatum,0,,,,,,,,,,,,Darko,Darko,,vrt,core,rašel,Mire,FALSE,TRUE,Hájková P.,2019,,,,FALSE,,,,,,,,,,,,,FALSE,,,,,,,Darko,Darko,08,440,,,,,,jiné,FALSE,,,7137,,,,,,,Data odečtená z křivky (Depth Age Model),,,,,,,0,,,,,,,,,,,,,
Darko,Dářko,Radostín,,Žďár nad Sázavou,Vysočina,CZ,Czech Republic,,,,,,155233,493816,15.8758331,49.6377781,622,"Roleček J., BÚ AVČR Brno",2016,2016-01-01,FALSE,Hájková P.,,,TRUE,,,0,,,,,,Darko,Darko,08,,8,440,,,,,FALSE,AT,FALSE,ArchDat?,,,0.01,,,,,,,,,TRUE,,,,,,,,zk,,zk,,,,,FALSE,,,,,,,Darko,Darko,08,BEPUB,A,TRUE,se/plod,nz,10,,FALSE,,3/13/23,,,,,Betula pubescens,,0,,,,,,,,,Darko,Darko,08,BEPUB,"ORG 1,0",A,se/plod,nz,10,,FALSE,,1,10,,,3/13/23,,Betula pubescens,0,,,,,,,,,,,,Darko,Darko,,vrt,core,rašel,Mire,FALSE,TRUE,Hájková P.,2019,,,,FALSE,,,,,,,,,,,,,FALSE,,,,,,,Darko,Darko,08,440,,,,,,jiné,FALSE,,,7137,,,,,,,Data odečtená z křivky (Depth Age Model),,,,,,,0,,,,,,,,,,,,,
Darko,Dářko,Radostín,,Žďár nad Sázavou,Vysočina,CZ,Czech Republic,,,,,,155233,493816,15.8758331,49.6377781,622,"Roleček J., BÚ AVČR Brno",2016,2016-01-01,FALSE,Hájková P.,,,TRUE,,,0,,,,,,Darko,Darko,08,,8,440,,,,,FALSE,AT,FALSE,ArchDat?,,,0.01,,,,,,,,,TRUE,,,,,,,,zk,,zk,,,,,FALSE,,,,,,,Darko,Darko,08,BEPUB,-,TRUE,šupina,nz,1,,FALSE,,3/13/23,,,,,Betula pubescens,,0,,,,,,,,,Darko,Darko,08,BEPUB,"ORG 1,0",-,šupina,nz,1,,FALSE,,1,1,,,3/13/23,,Betula pubescens,0,,,,,,,,,,,,Darko,Darko,,vrt,core,rašel,Mire,FALSE,TRUE,Hájková P.,2019,,,,FALSE,,,,,,,,,,,,,FALSE,,,,,,,Darko,Darko,08,440,,,,,,jiné,FALSE,,,7137,,,,,,,Data odečtená z křivky (Depth Age Model),,,,,,,0,,,,,,,,,,,,,
Darko,Dářko,Radostín,,Žďár nad Sázavou,Vysočina,CZ,Czech Republic,,,,,,155233,493816,15.8758331,49.6377781,622,"Roleček J., BÚ AVČR Brno",2016,2016-01-01,FALSE,Hájková P.,,,TRUE,,,0,,,,,,Darko,Darko,08,,8,440,,,,,FALSE,AT,FALSE,ArchDat?,,,0.01,,,,,,,,,TRUE,,,,,,,,zk,,zk,,,,,FALSE,,,,,,,Darko,Darko,08,MOLI,-,TRUE,se/plod,nz,1,,FALSE,,3/13/23,,,,,Molinia sp.,,0,,,,,,,,,Darko,Darko,08,MOLI,"ORG 1,0",-,se/plod,nz,1,,FALSE,,1,1,,,3/13/23,,Molinia sp.,0,,,,,,,,,,,,Darko,Darko,,vrt,core,rašel,Mire,FALSE,TRUE,Hájková P.,2019,,,,FALSE,,,,,,,,,,,,,FALSE,,,,,,,Darko,Darko,08,440,,,,,,jiné,FALSE,,,7137,,,,,,,Data odečtená z křivky (Depth Age Model),,,,,,,0,,,,,,,,,,,,,
Darko,Dářko,Radostín,,Žďár nad Sázavou,Vysočina,CZ,Czech Republic,,,,,,155233,493816,15.8758331,49.6377781,622,"Roleček J., BÚ AVČR Brno",2016,2016-01-01,FALSE,Hájková P.,,,TRUE,,,0,,,,,,Darko,Darko,08,,8,440,,,,,FALSE,AT,FALSE,ArchDat?,,,0.01,,,,,,,,,TRUE,,,,,,,,zk,,zk,,,,,FALSE,,,,,,,Darko,Darko,08,moPOYCO,A,TRUE,mech,nz,0,,FALSE,,3/13/23,,,,,Polytrichum commune,,0,,,,,,,,,Darko,Darko,08,moPOYCO,"ORG 1,0",A,mech,nz,0,,FALSE,,1,0,,,3/13/23,,Polytrichum commune,0,,,,,,,,,,,,Darko,Darko,,vrt,core,rašel,Mire,FALSE,TRUE,Hájková P.,2019,,,,FALSE,,,,,,,,,,,,,FALSE,,,,,,,Darko,Darko,08,440,,,,,,jiné,FALSE,,,7137,,,,,,,Data odečtená z křivky (Depth Age Model),,,,,,,0,,,,,,,,,,,,,
Darko,Dářko,Radostín,,Žďár nad Sázavou,Vysočina,CZ,Czech Republic,,,,,,155233,493816,15.8758331,49.6377781,622,"Roleček J., BÚ AVČR Brno",2016,2016-01-01,FALSE,Hájková P.,,,TRUE,,,0,,,,,,Darko,Darko,08,,8,440,,,,,FALSE,AT,FALSE,ArchDat?,,,0.01,,,,,,,,,TRUE,,,,,,,,zk,,zk,,,,,FALSE,,,,,,,Darko,Darko,08,BEPEP,-,TRUE,dřevo,nz,,20,FALSE,,3/13/23,,,,,Betula pendula/pubescens (alba-Typ),,0,,,,,,,,,Darko,Darko,08,BEPEP,"ORG 1,0",-,dřevo,nz,,20,FALSE,,1,,,20,3/13/23,,Betula pendula/pubescens (alba-Typ),0,,,,,,,,,,,,Darko,Darko,,vrt,core,rašel,Mire,FALSE,TRUE,Hájková P.,2019,,,,FALSE,,,,,,,,,,,,,FALSE,,,,,,,Darko,Darko,08,440,,,,,,jiné,FALSE,,,7137,,,,,,,Data odečtená z křivky (Depth Age Model),,,,,,,0,,,,,,,,,,,,,
Darko,Dářko,Radostín,,Žďár nad Sázavou,Vysočina,CZ,Czech Republic,,,,,,155233,493816,15.8758331,49.6377781,622,"Roleček J., BÚ AVČR Brno",2016,2016-01-01,FALSE,Hájková P.,,,TRUE,,,0,,,,,,Darko,Darko,08,,8,440,,,,,FALSE,AT,FALSE,ArchDat?,,,0.01,,,,,,,,,TRUE,,,,,,,,zk,,zk,,,,,FALSE,,,,,,,Darko,Darko,08,BETU,-,TRUE,periderm,nz,,30,FALSE,,3/13/23,,,,,Betula sp.,,0,,,,,,,,,Darko,Darko,08,BETU,"ORG 1,0",-,periderm,nz,,30,FALSE,,1,,,30,3/13/23,,Betula sp.,0,,,,,,,,,,,,Darko,Darko,,vrt,core,rašel,Mire,FALSE,TRUE,Hájková P.,2019,,,,FALSE,,,,,,,,,,,,,FALSE,,,,,,,Darko,Darko,08,440,,,,,,jiné,FALSE,,,7137,,,,,,,Data odečtená z křivky (Depth Age Model),,,,,,,0,,,,,,,,,,,,,
Darko,Dářko,Radostín,,Žďár nad Sázavou,Vysočina,CZ,Czech Republic,,,,,,155233,493816,15.8758331,49.6377781,622,"Roleček J., BÚ AVČR Brno",2016,2016-01-01,FALSE,Hájková P.,,,TRUE,,,0,,,,,,Darko,Darko,08,,8,440,,,,,FALSE,AT,FALSE,ArchDat?,,,0.01,,,,,,,,,TRUE,,,,,,,,zk,,zk,,,,,FALSE,,,,,,,Darko,Darko,08,ERVAG,-,TRUE,veget,nz,,30,FALSE,,3/13/23,,,,,Eriophorum vaginatum,,0,,,,,,,,,Darko,Darko,08,ERVAG,"ORG 1,0",-,veget,nz,,30,FALSE,,1,,,30,3/13/23,,Eriophorum vaginatum,0,,,,,,,,,,,,Darko,Darko,,vrt,core,rašel,Mire,FALSE,TRUE,Hájková P.,2019,,,,FALSE,,,,,,,,,,,,,FALSE,,,,,,,Darko,Darko,08,440,,,,,,jiné,FALSE,,,7137,,,,,,,Data odečtená z křivky (Depth Age Model),,,,,,,0,,,,,,,,,,,,,
Darko,Dářko,Radostín,,Žďár nad Sázavou,Vysočina,CZ,Czech Republic,,,,,,155233,493816,15.8758331,49.6377781,622,"Roleček J., BÚ AVČR Brno",2016,2016-01-01,FALSE,Hájková P.,,,TRUE,,,0,,,,,,Darko,Darko,08,,8,440,,,,,FALSE,AT,FALSE,ArchDat?,,,0.01,,,,,,,,,TRUE,,,,,,,,zk,,zk,,,,,FALSE,,,,,,,Darko,Darko,08,moCAGIG,-,TRUE,mech,nz,,90,FALSE,,3/13/23,,,,,Calliergon giganteum,,0,,,,,,,,,Darko,Darko,08,moCAGIG,"ORG 1,0",-,mech,nz,,90,FALSE,,1,,,90,3/13/23,,Calliergon giganteum,0,,,,,,,,,,,,Darko,Darko,,vrt,core,rašel,Mire,FALSE,TRUE,Hájková P.,2019,,,,FALSE,,,,,,,,,,,,,FALSE,,,,,,,Darko,Darko,08,440,,,,,,jiné,FALSE,,,7137,,,,,,,Data odečtená z křivky (Depth Age Model),,,,,,,0,,,,,,,,,,,,,
Darko,Dářko,Radostín,,Žďár nad Sázavou,Vysočina,CZ,Czech Republic,,,,,,155233,493816,15.8758331,49.6377781,622,"Roleček J., BÚ AVČR Brno",2016,2016-01-01,FALSE,Hájková P.,,,TRUE,,,0,,,,,,Darko,Darko,08,,8,440,,,,,FALSE,AT,FALSE,ArchDat?,,,0.01,,,,,,,,,TRUE,,,,,,,,zk,,zk,,,,,FALSE,,,,,,,Darko,Darko,08,moSPHAG,-,TRUE,mech,nz,,0.100000001,FALSE,,3/13/23,,,,,Sphagnum sp.,,0,,,,,,,,,Darko,Darko,08,moSPHAG,"ORG 1,0",-,mech,nz,,0.1,FALSE,,1,,,0.1,3/13/23,,Sphagnum sp.,0,,,,,,,,,,,,Darko,Darko,,vrt,core,rašel,Mire,FALSE,TRUE,Hájková P.,2019,,,,FALSE,,,,,,,,,,,,,FALSE,,,,,,,Darko,Darko,08,440,,,,,,jiné,FALSE,,,7137,,,,,,,Data odečtená z křivky (Depth Age Model),,,,,,,0,,,,,,,,,,,,,
Darko,Dářko,Radostín,,Žďár nad Sázavou,Vysočina,CZ,Czech Republic,,,,,,155233,493816,15.8758331,49.6377781,622,"Roleček J., BÚ AVČR Brno",2016,2016-01-01,FALSE,Hájková P.,,,TRUE,,,0,,,,,,Darko,Darko,09,,9,450,,,,,FALSE,AT,FALSE,ArchDat?,,,0.01,,,,,,,,,TRUE,,,,,,,,zk,,zk,,,,,FALSE,,,,,,,Darko,Darko,09,ERVAG,-,TRUE,spindl,nz,10,,FALSE,,3/13/23,,,,,Eriophorum vaginatum,,0,,,,,,,,,Darko,Darko,09,ERVAG,"ORG 1,0",-,spindl,nz,10,,FALSE,,1,10,,,3/13/23,,Eriophorum vaginatum,0,,,,,,,,,,,,Darko,Darko,,vrt,core,rašel,Mire,FALSE,TRUE,Hájková P.,2019,,,,FALSE,,,,,,,,,,,,,FALSE,,,,,,,Darko,Darko,09,450,,,,,,jiné,FALSE,,,7234,,,,,,,Data odečtená z křivky (Depth Age Model),,,,,,,0,,,,,,,,,,,,,
Darko,Dářko,Radostín,,Žďár nad Sázavou,Vysočina,CZ,Czech Republic,,,,,,155233,493816,15.8758331,49.6377781,622,"Roleček J., BÚ AVČR Brno",2016,2016-01-01,FALSE,Hájková P.,,,TRUE,,,0,,,,,,Darko,Darko,09,,9,450,,,,,FALSE,AT,FALSE,ArchDat?,,,0.01,,,,,,,,,TRUE,,,,,,,,zk,,zk,,,,,FALSE,,,,,,,Darko,Darko,09,ERVAG,-,TRUE,se/plod,nz,1,,FALSE,,3/13/23,,,,,Eriophorum vaginatum,,0,,,,,,,,,Darko,Darko,09,ERVAG,"ORG 1,0",-,se/plod,nz,1,,FALSE,,1,1,,,3/13/23,,Eriophorum vaginatum,0,,,,,,,,,,,,Darko,Darko,,vrt,core,rašel,Mire,FALSE,TRUE,Hájková P.,2019,,,,FALSE,,,,,,,,,,,,,FALSE,,,,,,,Darko,Darko,09,450,,,,,,jiné,FALSE,,,7234,,,,,,,Data odečtená z křivky (Depth Age Model),,,,,,,0,,,,,,,,,,,,,
Darko,Dářko,Radostín,,Žďár nad Sázavou,Vysočina,CZ,Czech Republic,,,,,,155233,493816,15.8758331,49.6377781,622,"Roleček J., BÚ AVČR Brno",2016,2016-01-01,FALSE,Hájková P.,,,TRUE,,,0,,,,,,Darko,Darko,09,,9,450,,,,,FALSE,AT,FALSE,ArchDat?,,,0.01,,,,,,,,,TRUE,,,,,,,,zk,,zk,,,,,FALSE,,,,,,,Darko,Darko,09,INDET,-,TRUE,uhlík,nz,,0.100000001,FALSE,,3/13/23,,,,,uhlíky (ca 1mm),,0,,,,,,,,,Darko,Darko,09,INDET,"ORG 1,0",-,uhlík,nz,,0.1,FALSE,,1,,,0.1,3/13/23,,uhlíky (ca 1mm),0,,,,,,,,,,,,Darko,Darko,,vrt,core,rašel,Mire,FALSE,TRUE,Hájková P.,2019,,,,FALSE,,,,,,,,,,,,,FALSE,,,,,,,Darko,Darko,09,450,,,,,,jiné,FALSE,,,7234,,,,,,,Data odečtená z křivky (Depth Age Model),,,,,,,0,,,,,,,,,,,,,
Darko,Dářko,Radostín,,Žďár nad Sázavou,Vysočina,CZ,Czech Republic,,,,,,155233,493816,15.8758331,49.6377781,622,"Roleček J., BÚ AVČR Brno",2016,2016-01-01,FALSE,Hájková P.,,,TRUE,,,0,,,,,,Darko,Darko,09,,9,450,,,,,FALSE,AT,FALSE,ArchDat?,,,0.01,,,,,,,,,TRUE,,,,,,,,zk,,zk,,,,,FALSE,,,,,,,Darko,Darko,09,BETU,-,TRUE,periderm,nz,,2,FALSE,,3/13/23,,,,,Betula sp.,,0,,,,,,,,,Darko,Darko,09,BETU,"ORG 1,0",-,periderm,nz,,2,FALSE,,1,,,2,3/13/23,,Betula sp.,0,,,,,,,,,,,,Darko,Darko,,vrt,core,rašel,Mire,FALSE,TRUE,Hájková P.,2019,,,,FALSE,,,,,,,,,,,,,FALSE,,,,,,,Darko,Darko,09,450,,,,,,jiné,FALSE,,,7234,,,,,,,Data odečtená z křivky (Depth Age Model),,,,,,,0,,,,,,,,,,,,,
Darko,Dářko,Radostín,,Žďár nad Sázavou,Vysočina,CZ,Czech Republic,,,,,,155233,493816,15.8758331,49.6377781,622,"Roleček J., BÚ AVČR Brno",2016,2016-01-01,FALSE,Hájková P.,,,TRUE,,,0,,,,,,Darko,Darko,09,,9,450,,,,,FALSE,AT,FALSE,ArchDat?,,,0.01,,,,,,,,,TRUE,,,,,,,,zk,,zk,,,,,FALSE,,,,,,,Darko,Darko,09,ERVAG,-,TRUE,veget,nz,,50,FALSE,,3/13/23,,,,,Eriophorum vaginatum,,0,,,,,,,,,Darko,Darko,09,ERVAG,"ORG 1,0",-,veget,nz,,50,FALSE,,1,,,50,3/13/23,,Eriophorum vaginatum,0,,,,,,,,,,,,Darko,Darko,,vrt,core,rašel,Mire,FALSE,TRUE,Hájková P.,2019,,,,FALSE,,,,,,,,,,,,,FALSE,,,,,,,Darko,Darko,09,450,,,,,,jiné,FALSE,,,7234,,,,,,,Data odečtená z křivky (Depth Age Model),,,,,,,0,,,,,,,,,,,,,
Darko,Dářko,Radostín,,Žďár nad Sázavou,Vysočina,CZ,Czech Republic,,,,,,155233,493816,15.8758331,49.6377781,622,"Roleček J., BÚ AVČR Brno",2016,2016-01-01,FALSE,Hájková P.,,,TRUE,,,0,,,,,,Darko,Darko,10,,10,460,,,,,FALSE,AT,FALSE,ArchDat?,,,0.01,,,,,,,,,TRUE,,,,,,,,zk,,zk,,,,,FALSE,,,,,,,Darko,Darko,10,moPOYCO,A,TRUE,mech,nz,0,,FALSE,,3/13/23,,,,,Polytrichum commune,,0,,,,,,,,,Darko,Darko,10,moPOYCO,"ORG 1,0",A,mech,nz,0,,FALSE,,1,0,,,3/13/23,,Polytrichum commune,0,,,,,,,,,,,,Darko,Darko,,vrt,core,rašel,Mire,FALSE,TRUE,Hájková P.,2019,,,,FALSE,,,,,,,,,,,,,FALSE,,,,,,,Darko,Darko,10,460,,,,,,jiné,FALSE,,,7333,,,,,,,Data odečtená z křivky (Depth Age Model),,,,,,,0,,,,,,,,,,,,,
Darko,Dářko,Radostín,,Žďár nad Sázavou,Vysočina,CZ,Czech Republic,,,,,,155233,493816,15.8758331,49.6377781,622,"Roleček J., BÚ AVČR Brno",2016,2016-01-01,FALSE,Hájková P.,,,TRUE,,,0,,,,,,Darko,Darko,10,,10,460,,,,,FALSE,AT,FALSE,ArchDat?,,,0.01,,,,,,,,,TRUE,,,,,,,,zk,,zk,,,,,FALSE,,,,,,,Darko,Darko,10,INDET,-,TRUE,uhlík,nz,,1,FALSE,,3/13/23,,,,,uhlíky (ca 1mm),,0,,,,,,,,,Darko,Darko,10,INDET,"ORG 1,0",-,uhlík,nz,,1,FALSE,,1,,,1,3/13/23,,uhlíky (ca 1mm),0,,,,,,,,,,,,Darko,Darko,,vrt,core,rašel,Mire,FALSE,TRUE,Hájková P.,2019,,,,FALSE,,,,,,,,,,,,,FALSE,,,,,,,Darko,Darko,10,460,,,,,,jiné,FALSE,,,7333,,,,,,,Data odečtená z křivky (Depth Age Model),,,,,,,0,,,,,,,,,,,,,
Darko,Dářko,Radostín,,Žďár nad Sázavou,Vysočina,CZ,Czech Republic,,,,,,155233,493816,15.8758331,49.6377781,622,"Roleček J., BÚ AVČR Brno",2016,2016-01-01,FALSE,Hájková P.,,,TRUE,,,0,,,,,,Darko,Darko,10,,10,460,,,,,FALSE,AT,FALSE,ArchDat?,,,0.01,,,,,,,,,TRUE,,,,,,,,zk,,zk,,,,,FALSE,,,,,,,Darko,Darko,10,SALI,-,TRUE,dřevo,nz,,25,FALSE,,3/13/23,,,,,Salix sp.,,0,,,,,,,,,Darko,Darko,10,SALI,"ORG 1,0",-,dřevo,nz,,25,FALSE,,1,,,25,3/13/23,,Salix sp.,0,,,,,,,,,,,,Darko,Darko,,vrt,core,rašel,Mire,FALSE,TRUE,Hájková P.,2019,,,,FALSE,,,,,,,,,,,,,FALSE,,,,,,,Darko,Darko,10,460,,,,,,jiné,FALSE,,,7333,,,,,,,Data odečtená z křivky (Depth Age Model),,,,,,,0,,,,,,,,,,,,,
Darko,Dářko,Radostín,,Žďár nad Sázavou,Vysočina,CZ,Czech Republic,,,,,,155233,493816,15.8758331,49.6377781,622,"Roleček J., BÚ AVČR Brno",2016,2016-01-01,FALSE,Hájková P.,,,TRUE,,,0,,,,,,Darko,Darko,10,,10,460,,,,,FALSE,AT,FALSE,ArchDat?,,,0.01,,,,,,,,,TRUE,,,,,,,,zk,,zk,,,,,FALSE,,,,,,,Darko,Darko,10,PIEXC,-,TRUE,dřevo,nz,,5,FALSE,,3/13/23,,,,,Picea abies,,0,,,,,,,,,Darko,Darko,10,PIEXC,"ORG 1,0",-,dřevo,nz,,5,FALSE,,1,,,5,3/13/23,,Picea abies,0,,,,,,,,,,,,Darko,Darko,,vrt,core,rašel,Mire,FALSE,TRUE,Hájková P.,2019,,,,FALSE,,,,,,,,,,,,,FALSE,,,,,,,Darko,Darko,10,460,,,,,,jiné,FALSE,,,7333,,,,,,,Data odečtená z křivky (Depth Age Model),,,,,,,0,,,,,,,,,,,,,
Darko,Dářko,Radostín,,Žďár nad Sázavou,Vysočina,CZ,Czech Republic,,,,,,155233,493816,15.8758331,49.6377781,622,"Roleček J., BÚ AVČR Brno",2016,2016-01-01,FALSE,Hájková P.,,,TRUE,,,0,,,,,,Darko,Darko,10,,10,460,,,,,FALSE,AT,FALSE,ArchDat?,,,0.01,,,,,,,,,TRUE,,,,,,,,zk,,zk,,,,,FALSE,,,,,,,Darko,Darko,10,ERVAG,-,TRUE,veget,nz,,50,FALSE,,3/13/23,,,,,Eriophorum vaginatum,,0,,,,,,,,,Darko,Darko,10,ERVAG,"ORG 1,0",-,veget,nz,,50,FALSE,,1,,,50,3/13/23,,Eriophorum vaginatum,0,,,,,,,,,,,,Darko,Darko,,vrt,core,rašel,Mire,FALSE,TRUE,Hájková P.,2019,,,,FALSE,,,,,,,,,,,,,FALSE,,,,,,,Darko,Darko,10,460,,,,,,jiné,FALSE,,,7333,,,,,,,Data odečtená z křivky (Depth Age Model),,,,,,,0,,,,,,,,,,,,,
Darko,Dářko,Radostín,,Žďár nad Sázavou,Vysočina,CZ,Czech Republic,,,,,,155233,493816,15.8758331,49.6377781,622,"Roleček J., BÚ AVČR Brno",2016,2016-01-01,FALSE,Hájková P.,,,TRUE,,,0,,,,,,Darko,Darko,10,,10,460,,,,,FALSE,AT,FALSE,ArchDat?,,,0.01,,,,,,,,,TRUE,,,,,,,,zk,,zk,,,,,FALSE,,,,,,,Darko,Darko,10,moSPHAG,-,TRUE,mech,nz,,0.100000001,FALSE,,3/13/23,,,,,Sphagnum sp.,,0,,,,,,,,,Darko,Darko,10,moSPHAG,"ORG 1,0",-,mech,nz,,0.1,FALSE,,1,,,0.1,3/13/23,,Sphagnum sp.,0,,,,,,,,,,,,Darko,Darko,,vrt,core,rašel,Mire,FALSE,TRUE,Hájková P.,2019,,,,FALSE,,,,,,,,,,,,,FALSE,,,,,,,Darko,Darko,10,460,,,,,,jiné,FALSE,,,7333,,,,,,,Data odečtená z křivky (Depth Age Model),,,,,,,0,,,,,,,,,,,,,
Darko,Dářko,Radostín,,Žďár nad Sázavou,Vysočina,CZ,Czech Republic,,,,,,155233,493816,15.8758331,49.6377781,622,"Roleček J., BÚ AVČR Brno",2016,2016-01-01,FALSE,Hájková P.,,,TRUE,,,0,,,,,,Darko,Darko,11,,11,470,,,,,FALSE,AT,FALSE,ArchDat?,,,0.01,,,,,,,,,TRUE,,,,,,,,zk,,zk,,,,,FALSE,,,,,,,Darko,Darko,11,ERVAG,-,TRUE,se/plod,nz,1,,FALSE,,3/13/23,,,,,Eriophorum vaginatum,,0,,,,,,,,,Darko,Darko,11,ERVAG,"ORG 1,0",-,se/plod,nz,1,,FALSE,,1,1,,,3/13/23,,Eriophorum vaginatum,0,,,,,,,,,,,,Darko,Darko,,vrt,core,rašel,Mire,FALSE,TRUE,Hájková P.,2019,,,,FALSE,,,,,,,,,,,,,FALSE,,,,,,,Darko,Darko,11,470,C14 datace,Carbon-14,Radiocarbon years BP,Poz-96602,,C14 datace,FALSE,6450,40,7423,,,,,,,,,,,,,,0,,,,,,,,,,,,,
Darko,Dářko,Radostín,,Žďár nad Sázavou,Vysočina,CZ,Czech Republic,,,,,,155233,493816,15.8758331,49.6377781,622,"Roleček J., BÚ AVČR Brno",2016,2016-01-01,FALSE,Hájková P.,,,TRUE,,,0,,,,,,Darko,Darko,11,,11,470,,,,,FALSE,AT,FALSE,ArchDat?,,,0.01,,,,,,,,,TRUE,,,,,,,,zk,,zk,,,,,FALSE,,,,,,,Darko,Darko,11,ERVAG,-,TRUE,veget,nz,,30,FALSE,,3/13/23,,,,,Eriophorum vaginatum,,0,,,,,,,,,Darko,Darko,11,ERVAG,"ORG 1,0",-,veget,nz,,30,FALSE,,1,,,30,3/13/23,,Eriophorum vaginatum,0,,,,,,,,,,,,Darko,Darko,,vrt,core,rašel,Mire,FALSE,TRUE,Hájková P.,2019,,,,FALSE,,,,,,,,,,,,,FALSE,,,,,,,Darko,Darko,11,470,C14 datace,Carbon-14,Radiocarbon years BP,Poz-96602,,C14 datace,FALSE,6450,40,7423,,,,,,,,,,,,,,0,,,,,,,,,,,,,
Darko,Dářko,Radostín,,Žďár nad Sázavou,Vysočina,CZ,Czech Republic,,,,,,155233,493816,15.8758331,49.6377781,622,"Roleček J., BÚ AVČR Brno",2016,2016-01-01,FALSE,Hájková P.,,,TRUE,,,0,,,,,,Darko,Darko,11,,11,470,,,,,FALSE,AT,FALSE,ArchDat?,,,0.01,,,,,,,,,TRUE,,,,,,,,zk,,zk,,,,,FALSE,,,,,,,Darko,Darko,11,OXQUA,-,TRUE,list,nz,,5,FALSE,,3/13/23,,,,,Vaccinium oxycoccos,,0,,,,,,,,,Darko,Darko,11,OXQUA,"ORG 1,0",-,list,nz,,5,FALSE,,1,,,5,3/13/23,,Vaccinium oxycoccos,0,,,,,,,,,,,,Darko,Darko,,vrt,core,rašel,Mire,FALSE,TRUE,Hájková P.,2019,,,,FALSE,,,,,,,,,,,,,FALSE,,,,,,,Darko,Darko,11,470,C14 datace,Carbon-14,Radiocarbon years BP,Poz-96602,,C14 datace,FALSE,6450,40,7423,,,,,,,,,,,,,,0,,,,,,,,,,,,,
Darko,Dářko,Radostín,,Žďár nad Sázavou,Vysočina,CZ,Czech Republic,,,,,,155233,493816,15.8758331,49.6377781,622,"Roleček J., BÚ AVČR Brno",2016,2016-01-01,FALSE,Hájková P.,,,TRUE,,,0,,,,,,Darko,Darko,11,,11,470,,,,,FALSE,AT,FALSE,ArchDat?,,,0.01,,,,,,,,,TRUE,,,,,,,,zk,,zk,,,,,FALSE,,,,,,,Darko,Darko,11,moSPsSPH,-,TRUE,mech,nz,,55,FALSE,,3/13/23,,,,,Sphagnum sect. sphagnum,,0,,,,,,,,,Darko,Darko,11,moSPsSPH,"ORG 1,0",-,mech,nz,,55,FALSE,,1,,,55,3/13/23,,Sphagnum sect. sphagnum,0,,,,,,,,,,,,Darko,Darko,,vrt,core,rašel,Mire,FALSE,TRUE,Hájková P.,2019,,,,FALSE,,,,,,,,,,,,,FALSE,,,,,,,Darko,Darko,11,470,C14 datace,Carbon-14,Radiocarbon years BP,Poz-96602,,C14 datace,FALSE,6450,40,7423,,,,,,,,,,,,,,0,,,,,,,,,,,,,
Darko,Dářko,Radostín,,Žďár nad Sázavou,Vysočina,CZ,Czech Republic,,,,,,155233,493816,15.8758331,49.6377781,622,"Roleček J., BÚ AVČR Brno",2016,2016-01-01,FALSE,Hájková P.,,,TRUE,,,0,,,,,,Darko,Darko,12,,12,485,,,,,FALSE,AT,FALSE,ArchDat?,,,0.01,,,,,,,,,TRUE,,,,,,,,zk,,zk,,,,,FALSE,,,,,,,Darko,Darko,12,ERVAG,-,TRUE,veget,nz,,5,FALSE,,3/13/23,,,,,Eriophorum vaginatum,,0,,,,,,,,,Darko,Darko,12,ERVAG,"ORG 1,0",-,veget,nz,,5,FALSE,,1,,,5,3/13/23,,Eriophorum vaginatum,0,,,,,,,,,,,,Darko,Darko,,vrt,core,rašel,Mire,FALSE,TRUE,Hájková P.,2019,,,,FALSE,,,,,,,,,,,,,FALSE,,,,,,,Darko,Darko,12,485,,,,,,jiné,FALSE,,,8035,,,,,,,Data odečtená z křivky (Depth Age Model),,,,,,,0,,,,,,,,,,,,,
Darko,Dářko,Radostín,,Žďár nad Sázavou,Vysočina,CZ,Czech Republic,,,,,,155233,493816,15.8758331,49.6377781,622,"Roleček J., BÚ AVČR Brno",2016,2016-01-01,FALSE,Hájková P.,,,TRUE,,,0,,,,,,Darko,Darko,12,,12,485,,,,,FALSE,AT,FALSE,ArchDat?,,,0.01,,,,,,,,,TRUE,,,,,,,,zk,,zk,,,,,FALSE,,,,,,,Darko,Darko,12,moSPSUS,-,TRUE,mech,nz,,80,FALSE,,3/13/23,,,,,Sphagnum subsecundum,,0,,,,,,,,,Darko,Darko,12,moSPSUS,"ORG 1,0",-,mech,nz,,80,FALSE,,1,,,80,3/13/23,,Sphagnum subsecundum,0,,,,,,,,,,,,Darko,Darko,,vrt,core,rašel,Mire,FALSE,TRUE,Hájková P.,2019,,,,FALSE,,,,,,,,,,,,,FALSE,,,,,,,Darko,Darko,12,485,,,,,,jiné,FALSE,,,8035,,,,,,,Data odečtená z křivky (Depth Age Model),,,,,,,0,,,,,,,,,,,,,
Darko,Dářko,Radostín,,Žďár nad Sázavou,Vysočina,CZ,Czech Republic,,,,,,155233,493816,15.8758331,49.6377781,622,"Roleček J., BÚ AVČR Brno",2016,2016-01-01,FALSE,Hájková P.,,,TRUE,,,0,,,,,,Darko,Darko,13,,13,495,,,,,FALSE,AT,FALSE,ArchDat?,,,0.01,,,,,,,,,TRUE,,,,,,,,zk,,zk,,,,,FALSE,,,,,,,Darko,Darko,13,ERVAG,-,TRUE,se/plod,nz,1,,FALSE,,3/13/23,,,,,Eriophorum vaginatum,,0,,,,,,,,,Darko,Darko,13,ERVAG,"ORG 1,0",-,se/plod,nz,1,,FALSE,,1,1,,,3/13/23,,Eriophorum vaginatum,0,,,,,,,,,,,,Darko,Darko,,vrt,core,rašel,Mire,FALSE,TRUE,Hájková P.,2019,,,,FALSE,,,,,,,,,,,,,FALSE,,,,,,,Darko,Darko,13,495,,,,,,jiné,FALSE,,,8149,,,,,,,Data odečtená z křivky (Depth Age Model),,,,,,,0,,,,,,,,,,,,,
Darko,Dářko,Radostín,,Žďár nad Sázavou,Vysočina,CZ,Czech Republic,,,,,,155233,493816,15.8758331,49.6377781,622,"Roleček J., BÚ AVČR Brno",2016,2016-01-01,FALSE,Hájková P.,,,TRUE,,,0,,,,,,Darko,Darko,13,,13,495,,,,,FALSE,AT,FALSE,ArchDat?,,,0.01,,,,,,,,,TRUE,,,,,,,,zk,,zk,,,,,FALSE,,,,,,,Darko,Darko,13,COPAL,-,TRUE,se/plod,nz,1,,FALSE,,3/13/23,,,,,Potentilla palustris,,0,,,,,,,,,Darko,Darko,13,COPAL,"ORG 1,0",-,se/plod,nz,1,,FALSE,,1,1,,,3/13/23,,Potentilla palustris,0,,,,,,,,,,,,Darko,Darko,,vrt,core,rašel,Mire,FALSE,TRUE,Hájková P.,2019,,,,FALSE,,,,,,,,,,,,,FALSE,,,,,,,Darko,Darko,13,495,,,,,,jiné,FALSE,,,8149,,,,,,,Data odečtená z křivky (Depth Age Model),,,,,,,0,,,,,,,,,,,,,
Darko,Dářko,Radostín,,Žďár nad Sázavou,Vysočina,CZ,Czech Republic,,,,,,155233,493816,15.8758331,49.6377781,622,"Roleček J., BÚ AVČR Brno",2016,2016-01-01,FALSE,Hájková P.,,,TRUE,,,0,,,,,,Darko,Darko,13,,13,495,,,,,FALSE,AT,FALSE,ArchDat?,,,0.01,,,,,,,,,TRUE,,,,,,,,zk,,zk,,,,,FALSE,,,,,,,Darko,Darko,13,ERVAG,-,TRUE,veget,nz,,40,FALSE,,3/13/23,,,,,Eriophorum vaginatum,,0,,,,,,,,,Darko,Darko,13,ERVAG,"ORG 1,0",-,veget,nz,,40,FALSE,,1,,,40,3/13/23,,Eriophorum vaginatum,0,,,,,,,,,,,,Darko,Darko,,vrt,core,rašel,Mire,FALSE,TRUE,Hájková P.,2019,,,,FALSE,,,,,,,,,,,,,FALSE,,,,,,,Darko,Darko,13,495,,,,,,jiné,FALSE,,,8149,,,,,,,Data odečtená z křivky (Depth Age Model),,,,,,,0,,,,,,,,,,,,,
Darko,Dářko,Radostín,,Žďár nad Sázavou,Vysočina,CZ,Czech Republic,,,,,,155233,493816,15.8758331,49.6377781,622,"Roleček J., BÚ AVČR Brno",2016,2016-01-01,FALSE,Hájková P.,,,TRUE,,,0,,,,,,Darko,Darko,13,,13,495,,,,,FALSE,AT,FALSE,ArchDat?,,,0.01,,,,,,,,,TRUE,,,,,,,,zk,,zk,,,,,FALSE,,,,,,,Darko,Darko,13,OXQUA,-,TRUE,list,nz,,3,FALSE,,3/13/23,,,,,Vaccinium oxycoccos,,0,,,,,,,,,Darko,Darko,13,OXQUA,"ORG 1,0",-,list,nz,,3,FALSE,,1,,,3,3/13/23,,Vaccinium oxycoccos,0,,,,,,,,,,,,Darko,Darko,,vrt,core,rašel,Mire,FALSE,TRUE,Hájková P.,2019,,,,FALSE,,,,,,,,,,,,,FALSE,,,,,,,Darko,Darko,13,495,,,,,,jiné,FALSE,,,8149,,,,,,,Data odečtená z křivky (Depth Age Model),,,,,,,0,,,,,,,,,,,,,
Darko,Dářko,Radostín,,Žďár nad Sázavou,Vysočina,CZ,Czech Republic,,,,,,155233,493816,15.8758331,49.6377781,622,"Roleček J., BÚ AVČR Brno",2016,2016-01-01,FALSE,Hájková P.,,,TRUE,,,0,,,,,,Darko,Darko,13,,13,495,,,,,FALSE,AT,FALSE,ArchDat?,,,0.01,,,,,,,,,TRUE,,,,,,,,zk,,zk,,,,,FALSE,,,,,,,Darko,Darko,13,moSPSUS,-,TRUE,mech,nz,,5,FALSE,,3/13/23,,,,,Sphagnum subsecundum,,0,,,,,,,,,Darko,Darko,13,moSPSUS,"ORG 1,0",-,mech,nz,,5,FALSE,,1,,,5,3/13/23,,Sphagnum subsecundum,0,,,,,,,,,,,,Darko,Darko,,vrt,core,rašel,Mire,FALSE,TRUE,Hájková P.,2019,,,,FALSE,,,,,,,,,,,,,FALSE,,,,,,,Darko,Darko,13,495,,,,,,jiné,FALSE,,,8149,,,,,,,Data odečtená z křivky (Depth Age Model),,,,,,,0,,,,,,,,,,,,,
Darko,Dářko,Radostín,,Žďár nad Sázavou,Vysočina,CZ,Czech Republic,,,,,,155233,493816,15.8758331,49.6377781,622,"Roleček J., BÚ AVČR Brno",2016,2016-01-01,FALSE,Hájková P.,,,TRUE,,,0,,,,,,Darko,Darko,14,,14,503.5,,,,,FALSE,AT,FALSE,ArchDat?,,,0.02,,,,,,,,,TRUE,,,,,,,,zk,,zk,,,,,FALSE,,,,,,,Darko,Darko,14,PHCOM,-,TRUE,veget,nz,,70,FALSE,,3/13/23,,,,,Phragmites australis,,0,,,,,,,,,Darko,Darko,14,PHCOM,"ORG 1,0",-,veget,nz,,70,FALSE,,1,,,70,3/13/23,,Phragmites australis,0,,,,,,,,,,,,Darko,Darko,,vrt,core,rašel,Mire,FALSE,TRUE,Hájková P.,2019,,,,FALSE,,,,,,,,,,,,,FALSE,,,,,,,Darko,Darko,14,503.5,C14 datace,Carbon-14,Radiocarbon years BP,Poz-92950,,C14 datace,FALSE,7540,40,8413,,,,,,,,,,,,,,0,,,,,,,,,,,,,
Darko,Dářko,Radostín,,Žďár nad Sázavou,Vysočina,CZ,Czech Republic,,,,,,155233,493816,15.8758331,49.6377781,622,"Roleček J., BÚ AVČR Brno",2016,2016-01-01,FALSE,Hájková P.,,,TRUE,,,0,,,,,,Darko,Darko,14,,14,503.5,,,,,FALSE,AT,FALSE,ArchDat?,,,0.02,,,,,,,,,TRUE,,,,,,,,zk,,zk,,,,,FALSE,,,,,,,Darko,Darko,14,COPAL,-,TRUE,se/plod,nz,9,,FALSE,,3/13/23,,,,,Potentilla palustris,,0,,,,,,,,,Darko,Darko,14,COPAL,"ORG 1,0",-,se/plod,nz,9,,FALSE,,1,9,,,3/13/23,,Potentilla palustris,0,,,,,,,,,,,,Darko,Darko,,vrt,core,rašel,Mire,FALSE,TRUE,Hájková P.,2019,,,,FALSE,,,,,,,,,,,,,FALSE,,,,,,,Darko,Darko,14,503.5,C14 datace,Carbon-14,Radiocarbon years BP,Poz-92950,,C14 datace,FALSE,7540,40,8413,,,,,,,,,,,,,,0,,,,,,,,,,,,,
Darko,Dářko,Radostín,,Žďár nad Sázavou,Vysočina,CZ,Czech Republic,,,,,,155233,493816,15.8758331,49.6377781,622,"Roleček J., BÚ AVČR Brno",2016,2016-01-01,FALSE,Hájková P.,,,TRUE,,,0,,,,,,Darko,Darko,14,,14,503.5,,,,,FALSE,AT,FALSE,ArchDat?,,,0.02,,,,,,,,,TRUE,,,,,,,,zk,,zk,,,,,FALSE,,,,,,,Darko,Darko,14,CALAS,-,TRUE,se/plod,nz,2,,FALSE,,3/13/23,,,,,Carex lasiocarpa,,0,,,,,,,,,Darko,Darko,14,CALAS,"ORG 1,0",-,se/plod,nz,2,,FALSE,,1,2,,,3/13/23,,Carex lasiocarpa,0,,,,,,,,,,,,Darko,Darko,,vrt,core,rašel,Mire,FALSE,TRUE,Hájková P.,2019,,,,FALSE,,,,,,,,,,,,,FALSE,,,,,,,Darko,Darko,14,503.5,C14 datace,Carbon-14,Radiocarbon years BP,Poz-92950,,C14 datace,FALSE,7540,40,8413,,,,,,,,,,,,,,0,,,,,,,,,,,,,
Darko,Dářko,Radostín,,Žďár nad Sázavou,Vysočina,CZ,Czech Republic,,,,,,155233,493816,15.8758331,49.6377781,622,"Roleček J., BÚ AVČR Brno",2016,2016-01-01,FALSE,Hájková P.,,,TRUE,,,0,,,,,,Darko,Darko,14,,14,503.5,,,,,FALSE,AT,FALSE,ArchDat?,,,0.02,,,,,,,,,TRUE,,,,,,,,zk,,zk,,,,,FALSE,,,,,,,Darko,Darko,14,ERVAG,-,TRUE,veget,nz,,5,FALSE,,3/13/23,,,,,Eriophorum vaginatum,,0,,,,,,,,,Darko,Darko,14,ERVAG,"ORG 1,0",-,veget,nz,,5,FALSE,,1,,,5,3/13/23,,Eriophorum vaginatum,0,,,,,,,,,,,,Darko,Darko,,vrt,core,rašel,Mire,FALSE,TRUE,Hájková P.,2019,,,,FALSE,,,,,,,,,,,,,FALSE,,,,,,,Darko,Darko,14,503.5,C14 datace,Carbon-14,Radiocarbon years BP,Poz-92950,,C14 datace,FALSE,7540,40,8413,,,,,,,,,,,,,,0,,,,,,,,,,,,,
Darko,Dářko,Radostín,,Žďár nad Sázavou,Vysočina,CZ,Czech Republic,,,,,,155233,493816,15.8758331,49.6377781,622,"Roleček J., BÚ AVČR Brno",2016,2016-01-01,FALSE,Hájková P.,,,TRUE,,,0,,,,,,Darko,Darko,15,,15,552.5,,,,,FALSE,BO,FALSE,ArchDat?,,,0.02,,,,,,,,,TRUE,,,,,,,,zk,,zk,,,,,FALSE,,,,,,,Darko,Darko,15,PHCOM,-,TRUE,veget,nz,,75,FALSE,,3/13/23,,,,,Phragmites australis,,0,,,,,,,,,Darko,Darko,15,PHCOM,"ORG 1,0",-,veget,nz,,75,FALSE,,1,,,75,3/13/23,,Phragmites australis,0,,,,,,,,,,,,Darko,Darko,,vrt,core,rašel,Mire,FALSE,TRUE,Hájková P.,2019,,,,FALSE,,,,,,,,,,,,,FALSE,,,,,,,Darko,Darko,15,552.5,C14 datace,Carbon-14,Radiocarbon years BP,Poz-96603,,C14 datace,FALSE,8440,40,9516,,,,,,,,,,,,,,0,,,,,,,,,,,,,
Darko,Dářko,Radostín,,Žďár nad Sázavou,Vysočina,CZ,Czech Republic,,,,,,155233,493816,15.8758331,49.6377781,622,"Roleček J., BÚ AVČR Brno",2016,2016-01-01,FALSE,Hájková P.,,,TRUE,,,0,,,,,,Darko,Darko,16,,16,595.5,,,,,FALSE,PB,FALSE,ArchDat?,,,0.02,,,,,,,,,TRUE,,,,,,,,zk,,zk,,,,,FALSE,,,,,,,Darko,Darko,16,ERVAG,-,TRUE,spindl,nz,10,,FALSE,,3/13/23,,,,,Eriophorum vaginatum,,0,,,,,,,,,Darko,Darko,16,ERVAG,"ORG 1,0",-,spindl,nz,10,,FALSE,,1,10,,,3/13/23,,Eriophorum vaginatum,0,,,,,,,,,,,,Darko,Darko,,vrt,core,rašel,Mire,FALSE,TRUE,Hájková P.,2019,,,,FALSE,,,,,,,,,,,,,FALSE,,,,,,,Darko,Darko,16,595.5,,,,,,jiné,FALSE,,,11026,,,,,,,Data odečtená z křivky (Depth Age Model),,,,,,,0,,,,,,,,,,,,,
Darko,Dářko,Radostín,,Žďár nad Sázavou,Vysočina,CZ,Czech Republic,,,,,,155233,493816,15.8758331,49.6377781,622,"Roleček J., BÚ AVČR Brno",2016,2016-01-01,FALSE,Hájková P.,,,TRUE,,,0,,,,,,Darko,Darko,16,,16,595.5,,,,,FALSE,PB,FALSE,ArchDat?,,,0.02,,,,,,,,,TRUE,,,,,,,,zk,,zk,,,,,FALSE,,,,,,,Darko,Darko,16,BEHNA,-,TRUE,dřevo,nz,,8,FALSE,,3/13/23,,,,,Betula humilis/nana,,0,,,,,,,,,Darko,Darko,16,BEHNA,"ORG 1,0",-,dřevo,nz,,8,FALSE,,1,,,8,3/13/23,,Betula humilis/nana,0,,,,,,,,,,,,Darko,Darko,,vrt,core,rašel,Mire,FALSE,TRUE,Hájková P.,2019,,,,FALSE,,,,,,,,,,,,,FALSE,,,,,,,Darko,Darko,16,595.5,,,,,,jiné,FALSE,,,11026,,,,,,,Data odečtená z křivky (Depth Age Model),,,,,,,0,,,,,,,,,,,,,
Darko,Dářko,Radostín,,Žďár nad Sázavou,Vysočina,CZ,Czech Republic,,,,,,155233,493816,15.8758331,49.6377781,622,"Roleček J., BÚ AVČR Brno",2016,2016-01-01,FALSE,Hájková P.,,,TRUE,,,0,,,,,,Darko,Darko,16,,16,595.5,,,,,FALSE,PB,FALSE,ArchDat?,,,0.02,,,,,,,,,TRUE,,,,,,,,zk,,zk,,,,,FALSE,,,,,,,Darko,Darko,16,BETU,-,TRUE,periderm,nz,,2,FALSE,,3/13/23,,,,,Betula sp.,,0,,,,,,,,,Darko,Darko,16,BETU,"ORG 1,0",-,periderm,nz,,2,FALSE,,1,,,2,3/13/23,,Betula sp.,0,,,,,,,,,,,,Darko,Darko,,vrt,core,rašel,Mire,FALSE,TRUE,Hájková P.,2019,,,,FALSE,,,,,,,,,,,,,FALSE,,,,,,,Darko,Darko,16,595.5,,,,,,jiné,FALSE,,,11026,,,,,,,Data odečtená z křivky (Depth Age Model),,,,,,,0,,,,,,,,,,,,,
Darko,Dářko,Radostín,,Žďár nad Sázavou,Vysočina,CZ,Czech Republic,,,,,,155233,493816,15.8758331,49.6377781,622,"Roleček J., BÚ AVČR Brno",2016,2016-01-01,FALSE,Hájková P.,,,TRUE,,,0,,,,,,Darko,Darko,16,,16,595.5,,,,,FALSE,PB,FALSE,ArchDat?,,,0.02,,,,,,,,,TRUE,,,,,,,,zk,,zk,,,,,FALSE,,,,,,,Darko,Darko,16,COPAL,-,TRUE,se/plod,nz,3,,FALSE,,3/13/23,,,,,Potentilla palustris,,0,,,,,,,,,Darko,Darko,16,COPAL,"ORG 1,0",-,se/plod,nz,3,,FALSE,,1,3,,,3/13/23,,Potentilla palustris,0,,,,,,,,,,,,Darko,Darko,,vrt,core,rašel,Mire,FALSE,TRUE,Hájková P.,2019,,,,FALSE,,,,,,,,,,,,,FALSE,,,,,,,Darko,Darko,16,595.5,,,,,,jiné,FALSE,,,11026,,,,,,,Data odečtená z křivky (Depth Age Model),,,,,,,0,,,,,,,,,,,,,
Darko,Dářko,Radostín,,Žďár nad Sázavou,Vysočina,CZ,Czech Republic,,,,,,155233,493816,15.8758331,49.6377781,622,"Roleček J., BÚ AVČR Brno",2016,2016-01-01,FALSE,Hájková P.,,,TRUE,,,0,,,,,,Darko,Darko,16,,16,595.5,,,,,FALSE,PB,FALSE,ArchDat?,,,0.02,,,,,,,,,TRUE,,,,,,,,zk,,zk,,,,,FALSE,,,,,,,Darko,Darko,16,CAROS,-,TRUE,se/plod,nz,3,,FALSE,,3/13/23,,,,,Carex rostrata,,0,,,,,,,,,Darko,Darko,16,CAROS,"ORG 1,0",-,se/plod,nz,3,,FALSE,,1,3,,,3/13/23,,Carex rostrata,0,,,,,,,,,,,,Darko,Darko,,vrt,core,rašel,Mire,FALSE,TRUE,Hájková P.,2019,,,,FALSE,,,,,,,,,,,,,FALSE,,,,,,,Darko,Darko,16,595.5,,,,,,jiné,FALSE,,,11026,,,,,,,Data odečtená z křivky (Depth Age Model),,,,,,,0,,,,,,,,,,,,,
Darko,Dářko,Radostín,,Žďár nad Sázavou,Vysočina,CZ,Czech Republic,,,,,,155233,493816,15.8758331,49.6377781,622,"Roleček J., BÚ AVČR Brno",2016,2016-01-01,FALSE,Hájková P.,,,TRUE,,,0,,,,,,Darko,Darko,16,,16,595.5,,,,,FALSE,PB,FALSE,ArchDat?,,,0.02,,,,,,,,,TRUE,,,,,,,,zk,,zk,,,,,FALSE,,,,,,,Darko,Darko,16,CAPAR,-,TRUE,se/plod,nz,4,,FALSE,,3/13/23,,,,,Carex appropinquata,,0,,,,,,,,,Darko,Darko,16,CAPAR,"ORG 1,0",-,se/plod,nz,4,,FALSE,,1,4,,,3/13/23,,Carex appropinquata,0,,,,,,,,,,,,Darko,Darko,,vrt,core,rašel,Mire,FALSE,TRUE,Hájková P.,2019,,,,FALSE,,,,,,,,,,,,,FALSE,,,,,,,Darko,Darko,16,595.5,,,,,,jiné,FALSE,,,11026,,,,,,,Data odečtená z křivky (Depth Age Model),,,,,,,0,,,,,,,,,,,,,
Darko,Dářko,Radostín,,Žďár nad Sázavou,Vysočina,CZ,Czech Republic,,,,,,155233,493816,15.8758331,49.6377781,622,"Roleček J., BÚ AVČR Brno",2016,2016-01-01,FALSE,Hájková P.,,,TRUE,,,0,,,,,,Darko,Darko,16,,16,595.5,,,,,FALSE,PB,FALSE,ArchDat?,,,0.02,,,,,,,,,TRUE,,,,,,,,zk,,zk,,,,,FALSE,,,,,,,Darko,Darko,16,PHCOM,-,TRUE,veget,nz,,70,FALSE,,3/13/23,,,,,Phragmites australis,,0,,,,,,,,,Darko,Darko,16,PHCOM,"ORG 1,0",-,veget,nz,,70,FALSE,,1,,,70,3/13/23,,Phragmites australis,0,,,,,,,,,,,,Darko,Darko,,vrt,core,rašel,Mire,FALSE,TRUE,Hájková P.,2019,,,,FALSE,,,,,,,,,,,,,FALSE,,,,,,,Darko,Darko,16,595.5,,,,,,jiné,FALSE,,,11026,,,,,,,Data odečtená z křivky (Depth Age Model),,,,,,,0,,,,,,,,,,,,,
Darko,Dářko,Radostín,,Žďár nad Sázavou,Vysočina,CZ,Czech Republic,,,,,,155233,493816,15.8758331,49.6377781,622,"Roleček J., BÚ AVČR Brno",2016,2016-01-01,FALSE,Hájková P.,,,TRUE,,,0,,,,,,Darko,Darko,16,,16,595.5,,,,,FALSE,PB,FALSE,ArchDat?,,,0.02,,,,,,,,,TRUE,,,,,,,,zk,,zk,,,,,FALSE,,,,,,,Darko,Darko,16,ERVAG,-,TRUE,veget,nz,,10,FALSE,,3/13/23,,,,,Eriophorum vaginatum,,0,,,,,,,,,Darko,Darko,16,ERVAG,"ORG 1,0",-,veget,nz,,10,FALSE,,1,,,10,3/13/23,,Eriophorum vaginatum,0,,,,,,,,,,,,Darko,Darko,,vrt,core,rašel,Mire,FALSE,TRUE,Hájková P.,2019,,,,FALSE,,,,,,,,,,,,,FALSE,,,,,,,Darko,Darko,16,595.5,,,,,,jiné,FALSE,,,11026,,,,,,,Data odečtená z křivky (Depth Age Model),,,,,,,0,,,,,,,,,,,,,
Darko,Dářko,Radostín,,Žďár nad Sázavou,Vysočina,CZ,Czech Republic,,,,,,155233,493816,15.8758331,49.6377781,622,"Roleček J., BÚ AVČR Brno",2016,2016-01-01,FALSE,Hájková P.,,,TRUE,,,0,,,,,,Darko,Darko,16,,16,595.5,,,,,FALSE,PB,FALSE,ArchDat?,,,0.02,,,,,,,,,TRUE,,,,,,,,zk,,zk,,,,,FALSE,,,,,,,Darko,Darko,16,moSPMAG,-,TRUE,mech,nz,,0.100000001,FALSE,,3/13/23,,,,,Sphagnum magellanicum,,0,,,,,,,,,Darko,Darko,16,moSPMAG,"ORG 1,0",-,mech,nz,,0.1,FALSE,,1,,,0.1,3/13/23,,Sphagnum magellanicum,0,,,,,,,,,,,,Darko,Darko,,vrt,core,rašel,Mire,FALSE,TRUE,Hájková P.,2019,,,,FALSE,,,,,,,,,,,,,FALSE,,,,,,,Darko,Darko,16,595.5,,,,,,jiné,FALSE,,,11026,,,,,,,Data odečtená z křivky (Depth Age Model),,,,,,,0,,,,,,,,,,,,,
Darko,Dářko,Radostín,,Žďár nad Sázavou,Vysočina,CZ,Czech Republic,,,,,,155233,493816,15.8758331,49.6377781,622,"Roleček J., BÚ AVČR Brno",2016,2016-01-01,FALSE,Hájková P.,,,TRUE,,,0,,,,,,Darko,Darko,16,,16,595.5,,,,,FALSE,PB,FALSE,ArchDat?,,,0.02,,,,,,,,,TRUE,,,,,,,,zk,,zk,,,,,FALSE,,,,,,,Darko,Darko,16,moSPsSPH,-,TRUE,mech,nz,,0.100000001,FALSE,,3/13/23,,,,,Sphagnum sect. sphagnum,,0,,,,,,,,,Darko,Darko,16,moSPsSPH,"ORG 1,0",-,mech,nz,,0.1,FALSE,,1,,,0.1,3/13/23,,Sphagnum sect. sphagnum,0,,,,,,,,,,,,Darko,Darko,,vrt,core,rašel,Mire,FALSE,TRUE,Hájková P.,2019,,,,FALSE,,,,,,,,,,,,,FALSE,,,,,,,Darko,Darko,16,595.5,,,,,,jiné,FALSE,,,11026,,,,,,,Data odečtená z křivky (Depth Age Model),,,,,,,0,,,,,,,,,,,,,
Darko,Dářko,Radostín,,Žďár nad Sázavou,Vysočina,CZ,Czech Republic,,,,,,155233,493816,15.8758331,49.6377781,622,"Roleček J., BÚ AVČR Brno",2016,2016-01-01,FALSE,Hájková P.,,,TRUE,,,0,,,,,,Darko,Darko,17,,17,603,,,,,FALSE,PB,FALSE,ArchDat?,,,0.01,,,,,,,,,TRUE,,,,,,,,zk,,zk,,,,,FALSE,,,,,,,Darko,Darko,17,BEHNA,-,TRUE,se/plod,nz,7,,FALSE,,3/13/23,,,,,Betula humilis/nana,,0,,,,,,,,,Darko,Darko,17,BEHNA,"ORG 1,0",-,se/plod,nz,7,,FALSE,,1,7,,,3/13/23,,Betula humilis/nana,0,,,,,,,,,,,,Darko,Darko,,vrt,core,rašel,Mire,FALSE,TRUE,Hájková P.,2019,,,,FALSE,,,,,,,,,,,,,FALSE,,,,,,,Darko,Darko,17,603,C14 datace,Carbon-14,Radiocarbon years BP,Poz-92949,,C14 datace,FALSE,9790,50,11259,,,,,,,,,,,,,,0,,,,,,,,,,,,,
Darko,Dářko,Radostín,,Žďár nad Sázavou,Vysočina,CZ,Czech Republic,,,,,,155233,493816,15.8758331,49.6377781,622,"Roleček J., BÚ AVČR Brno",2016,2016-01-01,FALSE,Hájková P.,,,TRUE,,,0,,,,,,Darko,Darko,17,,17,603,,,,,FALSE,PB,FALSE,ArchDat?,,,0.01,,,,,,,,,TRUE,,,,,,,,zk,,zk,,,,,FALSE,,,,,,,Darko,Darko,17,MOLI,-,TRUE,se/plod,nz,1,,FALSE,,3/13/23,,,,,Molinia sp.,,0,,,,,,,,,Darko,Darko,17,MOLI,"ORG 1,0",-,se/plod,nz,1,,FALSE,,1,1,,,3/13/23,,Molinia sp.,0,,,,,,,,,,,,Darko,Darko,,vrt,core,rašel,Mire,FALSE,TRUE,Hájková P.,2019,,,,FALSE,,,,,,,,,,,,,FALSE,,,,,,,Darko,Darko,17,603,C14 datace,Carbon-14,Radiocarbon years BP,Poz-92949,,C14 datace,FALSE,9790,50,11259,,,,,,,,,,,,,,0,,,,,,,,,,,,,
Darko,Dářko,Radostín,,Žďár nad Sázavou,Vysočina,CZ,Czech Republic,,,,,,155233,493816,15.8758331,49.6377781,622,"Roleček J., BÚ AVČR Brno",2016,2016-01-01,FALSE,Hájková P.,,,TRUE,,,0,,,,,,Darko,Darko,17,,17,603,,,,,FALSE,PB,FALSE,ArchDat?,,,0.01,,,,,,,,,TRUE,,,,,,,,zk,,zk,,,,,FALSE,,,,,,,Darko,Darko,17,BEHNA,-,TRUE,dřevo,nz,,20,FALSE,,3/13/23,,,,,Betula humilis/nana,,0,,,,,,,,,Darko,Darko,17,BEHNA,"ORG 1,0",-,dřevo,nz,,20,FALSE,,1,,,20,3/13/23,,Betula humilis/nana,0,,,,,,,,,,,,Darko,Darko,,vrt,core,rašel,Mire,FALSE,TRUE,Hájková P.,2019,,,,FALSE,,,,,,,,,,,,,FALSE,,,,,,,Darko,Darko,17,603,C14 datace,Carbon-14,Radiocarbon years BP,Poz-92949,,C14 datace,FALSE,9790,50,11259,,,,,,,,,,,,,,0,,,,,,,,,,,,,
Darko,Dářko,Radostín,,Žďár nad Sázavou,Vysočina,CZ,Czech Republic,,,,,,155233,493816,15.8758331,49.6377781,622,"Roleček J., BÚ AVČR Brno",2016,2016-01-01,FALSE,Hájková P.,,,TRUE,,,0,,,,,,Darko,Darko,17,,17,603,,,,,FALSE,PB,FALSE,ArchDat?,,,0.01,,,,,,,,,TRUE,,,,,,,,zk,,zk,,,,,FALSE,,,,,,,Darko,Darko,17,BETU,-,TRUE,periderm,nz,,1,FALSE,,3/13/23,,,,,Betula sp.,,0,,,,,,,,,Darko,Darko,17,BETU,"ORG 1,0",-,periderm,nz,,1,FALSE,,1,,,1,3/13/23,,Betula sp.,0,,,,,,,,,,,,Darko,Darko,,vrt,core,rašel,Mire,FALSE,TRUE,Hájková P.,2019,,,,FALSE,,,,,,,,,,,,,FALSE,,,,,,,Darko,Darko,17,603,C14 datace,Carbon-14,Radiocarbon years BP,Poz-92949,,C14 datace,FALSE,9790,50,11259,,,,,,,,,,,,,,0,,,,,,,,,,,,,
Darko,Dářko,Radostín,,Žďár nad Sázavou,Vysočina,CZ,Czech Republic,,,,,,155233,493816,15.8758331,49.6377781,622,"Roleček J., BÚ AVČR Brno",2016,2016-01-01,FALSE,Hájková P.,,,TRUE,,,0,,,,,,Darko,Darko,17,,17,603,,,,,FALSE,PB,FALSE,ArchDat?,,,0.01,,,,,,,,,TRUE,,,,,,,,zk,,zk,,,,,FALSE,,,,,,,Darko,Darko,17,COPAL,-,TRUE,se/plod,nz,13,,FALSE,,3/13/23,,,,,Potentilla palustris,,0,,,,,,,,,Darko,Darko,17,COPAL,"ORG 1,0",-,se/plod,nz,13,,FALSE,,1,13,,,3/13/23,,Potentilla palustris,0,,,,,,,,,,,,Darko,Darko,,vrt,core,rašel,Mire,FALSE,TRUE,Hájková P.,2019,,,,FALSE,,,,,,,,,,,,,FALSE,,,,,,,Darko,Darko,17,603,C14 datace,Carbon-14,Radiocarbon years BP,Poz-92949,,C14 datace,FALSE,9790,50,11259,,,,,,,,,,,,,,0,,,,,,,,,,,,,
Darko,Dářko,Radostín,,Žďár nad Sázavou,Vysočina,CZ,Czech Republic,,,,,,155233,493816,15.8758331,49.6377781,622,"Roleček J., BÚ AVČR Brno",2016,2016-01-01,FALSE,Hájková P.,,,TRUE,,,0,,,,,,Darko,Darko,17,,17,603,,,,,FALSE,PB,FALSE,ArchDat?,,,0.01,,,,,,,,,TRUE,,,,,,,,zk,,zk,,,,,FALSE,,,,,,,Darko,Darko,17,CALAS,-,TRUE,se/plod,nz,1,,FALSE,,3/13/23,,,,,Carex lasiocarpa,,0,,,,,,,,,Darko,Darko,17,CALAS,"ORG 1,0",-,se/plod,nz,1,,FALSE,,1,1,,,3/13/23,,Carex lasiocarpa,0,,,,,,,,,,,,Darko,Darko,,vrt,core,rašel,Mire,FALSE,TRUE,Hájková P.,2019,,,,FALSE,,,,,,,,,,,,,FALSE,,,,,,,Darko,Darko,17,603,C14 datace,Carbon-14,Radiocarbon years BP,Poz-92949,,C14 datace,FALSE,9790,50,11259,,,,,,,,,,,,,,0,,,,,,,,,,,,,
Darko,Dářko,Radostín,,Žďár nad Sázavou,Vysočina,CZ,Czech Republic,,,,,,155233,493816,15.8758331,49.6377781,622,"Roleček J., BÚ AVČR Brno",2016,2016-01-01,FALSE,Hájková P.,,,TRUE,,,0,,,,,,Darko,Darko,17,,17,603,,,,,FALSE,PB,FALSE,ArchDat?,,,0.01,,,,,,,,,TRUE,,,,,,,,zk,,zk,,,,,FALSE,,,,,,,Darko,Darko,17,BEHNA,-,TRUE,list,nz,,5,FALSE,,3/13/23,,,,,Betula humilis/nana,,0,,,,,,,,,Darko,Darko,17,BEHNA,"ORG 1,0",-,list,nz,,5,FALSE,,1,,,5,3/13/23,,Betula humilis/nana,0,,,,,,,,,,,,Darko,Darko,,vrt,core,rašel,Mire,FALSE,TRUE,Hájková P.,2019,,,,FALSE,,,,,,,,,,,,,FALSE,,,,,,,Darko,Darko,17,603,C14 datace,Carbon-14,Radiocarbon years BP,Poz-92949,,C14 datace,FALSE,9790,50,11259,,,,,,,,,,,,,,0,,,,,,,,,,,,,
Darko,Dářko,Radostín,,Žďár nad Sázavou,Vysočina,CZ,Czech Republic,,,,,,155233,493816,15.8758331,49.6377781,622,"Roleček J., BÚ AVČR Brno",2016,2016-01-01,FALSE,Hájková P.,,,TRUE,,,0,,,,,,Darko,Darko,17,,17,603,,,,,FALSE,PB,FALSE,ArchDat?,,,0.01,,,,,,,,,TRUE,,,,,,,,zk,,zk,,,,,FALSE,,,,,,,Darko,Darko,17,moSPMAG,-,TRUE,mech,nz,,5,FALSE,,3/13/23,,,,,Sphagnum magellanicum,,0,,,,,,,,,Darko,Darko,17,moSPMAG,"ORG 1,0",-,mech,nz,,5,FALSE,,1,,,5,3/13/23,,Sphagnum magellanicum,0,,,,,,,,,,,,Darko,Darko,,vrt,core,rašel,Mire,FALSE,TRUE,Hájková P.,2019,,,,FALSE,,,,,,,,,,,,,FALSE,,,,,,,Darko,Darko,17,603,C14 datace,Carbon-14,Radiocarbon years BP,Poz-92949,,C14 datace,FALSE,9790,50,11259,,,,,,,,,,,,,,0,,,,,,,,,,,,,
Darko,Dářko,Radostín,,Žďár nad Sázavou,Vysočina,CZ,Czech Republic,,,,,,155233,493816,15.8758331,49.6377781,622,"Roleček J., BÚ AVČR Brno",2016,2016-01-01,FALSE,Hájková P.,,,TRUE,,,0,,,,,,Darko,Darko,18,,18,611,,,,,FALSE,PB,FALSE,ArchDat?,,,0.02,,,,,,,,,TRUE,,,,,,,,zk,,zk,,,,,FALSE,,,,,,,Darko,Darko,18,CALIM,A,TRUE,se/plod,nz,1,,FALSE,,3/13/23,,,,,Carex limosa,,0,,,,,,,,,Darko,Darko,18,CALIM,"ORG 1,0",A,se/plod,nz,1,,FALSE,,1,1,,,3/13/23,,Carex limosa,0,,,,,,,,,,,,Darko,Darko,,vrt,core,rašel,Mire,FALSE,TRUE,Hájková P.,2019,,,,FALSE,,,,,,,,,,,,,FALSE,,,,,,,Darko,Darko,18,611,,,,,,jiné,FALSE,,,11538,,,,,,,Data odečtená z křivky (Depth Age Model),,,,,,,0,,,,,,,,,,,,,
Darko,Dářko,Radostín,,Žďár nad Sázavou,Vysočina,CZ,Czech Republic,,,,,,155233,493816,15.8758331,49.6377781,622,"Roleček J., BÚ AVČR Brno",2016,2016-01-01,FALSE,Hájková P.,,,TRUE,,,0,,,,,,Darko,Darko,18,,18,611,,,,,FALSE,PB,FALSE,ArchDat?,,,0.02,,,,,,,,,TRUE,,,,,,,,zk,,zk,,,,,FALSE,,,,,,,Darko,Darko,18,BEHNA,-,TRUE,se/plod,nz,9,,FALSE,,3/13/23,,,,,Betula humilis/nana,,0,,,,,,,,,Darko,Darko,18,BEHNA,"ORG 1,0",-,se/plod,nz,9,,FALSE,,1,9,,,3/13/23,,Betula humilis/nana,0,,,,,,,,,,,,Darko,Darko,,vrt,core,rašel,Mire,FALSE,TRUE,Hájková P.,2019,,,,FALSE,,,,,,,,,,,,,FALSE,,,,,,,Darko,Darko,18,611,,,,,,jiné,FALSE,,,11538,,,,,,,Data odečtená z křivky (Depth Age Model),,,,,,,0,,,,,,,,,,,,,
Darko,Dářko,Radostín,,Žďár nad Sázavou,Vysočina,CZ,Czech Republic,,,,,,155233,493816,15.8758331,49.6377781,622,"Roleček J., BÚ AVČR Brno",2016,2016-01-01,FALSE,Hájková P.,,,TRUE,,,0,,,,,,Darko,Darko,18,,18,611,,,,,FALSE,PB,FALSE,ArchDat?,,,0.02,,,,,,,,,TRUE,,,,,,,,zk,,zk,,,,,FALSE,,,,,,,Darko,Darko,18,BEHNA,-,TRUE,dřevo,nz,,60,FALSE,,3/13/23,,,,,Betula humilis/nana,,0,,,,,,,,,Darko,Darko,18,BEHNA,"ORG 1,0",-,dřevo,nz,,60,FALSE,,1,,,60,3/13/23,,Betula humilis/nana,0,,,,,,,,,,,,Darko,Darko,,vrt,core,rašel,Mire,FALSE,TRUE,Hájková P.,2019,,,,FALSE,,,,,,,,,,,,,FALSE,,,,,,,Darko,Darko,18,611,,,,,,jiné,FALSE,,,11538,,,,,,,Data odečtená z křivky (Depth Age Model),,,,,,,0,,,,,,,,,,,,,
Darko,Dářko,Radostín,,Žďár nad Sázavou,Vysočina,CZ,Czech Republic,,,,,,155233,493816,15.8758331,49.6377781,622,"Roleček J., BÚ AVČR Brno",2016,2016-01-01,FALSE,Hájková P.,,,TRUE,,,0,,,,,,Darko,Darko,18,,18,611,,,,,FALSE,PB,FALSE,ArchDat?,,,0.02,,,,,,,,,TRUE,,,,,,,,zk,,zk,,,,,FALSE,,,,,,,Darko,Darko,18,COPAL,-,TRUE,se/plod,nz,21,,FALSE,,3/13/23,,,,,Potentilla palustris,,0,,,,,,,,,Darko,Darko,18,COPAL,"ORG 1,0",-,se/plod,nz,21,,FALSE,,1,21,,,3/13/23,,Potentilla palustris,0,,,,,,,,,,,,Darko,Darko,,vrt,core,rašel,Mire,FALSE,TRUE,Hájková P.,2019,,,,FALSE,,,,,,,,,,,,,FALSE,,,,,,,Darko,Darko,18,611,,,,,,jiné,FALSE,,,11538,,,,,,,Data odečtená z křivky (Depth Age Model),,,,,,,0,,,,,,,,,,,,,
Darko,Dářko,Radostín,,Žďár nad Sázavou,Vysočina,CZ,Czech Republic,,,,,,155233,493816,15.8758331,49.6377781,622,"Roleček J., BÚ AVČR Brno",2016,2016-01-01,FALSE,Hájková P.,,,TRUE,,,0,,,,,,Darko,Darko,18,,18,611,,,,,FALSE,PB,FALSE,ArchDat?,,,0.02,,,,,,,,,TRUE,,,,,,,,zk,,zk,,,,,FALSE,,,,,,,Darko,Darko,18,CALAS,-,TRUE,se/plod,nz,19,,FALSE,,3/13/23,,,,,Carex lasiocarpa,,0,,,,,,,,,Darko,Darko,18,CALAS,"ORG 1,0",-,se/plod,nz,19,,FALSE,,1,19,,,3/13/23,,Carex lasiocarpa,0,,,,,,,,,,,,Darko,Darko,,vrt,core,rašel,Mire,FALSE,TRUE,Hájková P.,2019,,,,FALSE,,,,,,,,,,,,,FALSE,,,,,,,Darko,Darko,18,611,,,,,,jiné,FALSE,,,11538,,,,,,,Data odečtená z křivky (Depth Age Model),,,,,,,0,,,,,,,,,,,,,
Darko,Dářko,Radostín,,Žďár nad Sázavou,Vysočina,CZ,Czech Republic,,,,,,155233,493816,15.8758331,49.6377781,622,"Roleček J., BÚ AVČR Brno",2016,2016-01-01,FALSE,Hájková P.,,,TRUE,,,0,,,,,,Darko,Darko,18,,18,611,,,,,FALSE,PB,FALSE,ArchDat?,,,0.02,,,,,,,,,TRUE,,,,,,,,zk,,zk,,,,,FALSE,,,,,,,Darko,Darko,18,CAROS,-,TRUE,se/plod,nz,3,,FALSE,,3/13/23,,,,,Carex rostrata,,0,,,,,,,,,Darko,Darko,18,CAROS,"ORG 1,0",-,se/plod,nz,3,,FALSE,,1,3,,,3/13/23,,Carex rostrata,0,,,,,,,,,,,,Darko,Darko,,vrt,core,rašel,Mire,FALSE,TRUE,Hájková P.,2019,,,,FALSE,,,,,,,,,,,,,FALSE,,,,,,,Darko,Darko,18,611,,,,,,jiné,FALSE,,,11538,,,,,,,Data odečtená z křivky (Depth Age Model),,,,,,,0,,,,,,,,,,,,,
Darko,Dářko,Radostín,,Žďár nad Sázavou,Vysočina,CZ,Czech Republic,,,,,,155233,493816,15.8758331,49.6377781,622,"Roleček J., BÚ AVČR Brno",2016,2016-01-01,FALSE,Hájková P.,,,TRUE,,,0,,,,,,Darko,Darko,18,,18,611,,,,,FALSE,PB,FALSE,ArchDat?,,,0.02,,,,,,,,,TRUE,,,,,,,,zk,,zk,,,,,FALSE,,,,,,,Darko,Darko,18,BEHNA,-,TRUE,list,nz,,1,FALSE,,3/13/23,,,,,Betula humilis/nana,,0,,,,,,,,,Darko,Darko,18,BEHNA,"ORG 1,0",-,list,nz,,1,FALSE,,1,,,1,3/13/23,,Betula humilis/nana,0,,,,,,,,,,,,Darko,Darko,,vrt,core,rašel,Mire,FALSE,TRUE,Hájková P.,2019,,,,FALSE,,,,,,,,,,,,,FALSE,,,,,,,Darko,Darko,18,611,,,,,,jiné,FALSE,,,11538,,,,,,,Data odečtená z křivky (Depth Age Model),,,,,,,0,,,,,,,,,,,,,
Darko,Dářko,Radostín,,Žďár nad Sázavou,Vysočina,CZ,Czech Republic,,,,,,155233,493816,15.8758331,49.6377781,622,"Roleček J., BÚ AVČR Brno",2016,2016-01-01,FALSE,Hájková P.,,,TRUE,,,0,,,,,,Darko,Darko,18,,18,611,,,,,FALSE,PB,FALSE,ArchDat?,,,0.02,,,,,,,,,TRUE,,,,,,,,zk,,zk,,,,,FALSE,,,,,,,Darko,Darko,18,moSPREC,-,TRUE,mech,nz,,1,FALSE,,3/13/23,,,,,Sphagnum recurvum agg,,0,,,,,,,,,Darko,Darko,18,moSPREC,"ORG 1,0",-,mech,nz,,1,FALSE,,1,,,1,3/13/23,,Sphagnum recurvum agg,0,,,,,,,,,,,,Darko,Darko,,vrt,core,rašel,Mire,FALSE,TRUE,Hájková P.,2019,,,,FALSE,,,,,,,,,,,,,FALSE,,,,,,,Darko,Darko,18,611,,,,,,jiné,FALSE,,,11538,,,,,,,Data odečtená z křivky (Depth Age Model),,,,,,,0,,,,,,,,,,,,,
Darko,Dářko,Radostín,,Žďár nad Sázavou,Vysočina,CZ,Czech Republic,,,,,,155233,493816,15.8758331,49.6377781,622,"Roleček J., BÚ AVČR Brno",2016,2016-01-01,FALSE,Hájková P.,,,TRUE,,,0,,,,,,Darko,Darko,18,,18,611,,,,,FALSE,PB,FALSE,ArchDat?,,,0.02,,,,,,,,,TRUE,,,,,,,,zk,,zk,,,,,FALSE,,,,,,,Darko,Darko,18,moHOMNI,-,TRUE,mech,nz,,2,FALSE,,3/13/23,,,,,Homalothecium nitens,,0,,,,,,,,,Darko,Darko,18,moHOMNI,"ORG 1,0",-,mech,nz,,2,FALSE,,1,,,2,3/13/23,,Homalothecium nitens,0,,,,,,,,,,,,Darko,Darko,,vrt,core,rašel,Mire,FALSE,TRUE,Hájková P.,2019,,,,FALSE,,,,,,,,,,,,,FALSE,,,,,,,Darko,Darko,18,611,,,,,,jiné,FALSE,,,11538,,,,,,,Data odečtená z křivky (Depth Age Model),,,,,,,0,,,,,,,,,,,,,
Darko,Dářko,Radostín,,Žďár nad Sázavou,Vysočina,CZ,Czech Republic,,,,,,155233,493816,15.8758331,49.6377781,622,"Roleček J., BÚ AVČR Brno",2016,2016-01-01,FALSE,Hájková P.,,,TRUE,,,0,,,,,,Darko,Darko,18,,18,611,,,,,FALSE,PB,FALSE,ArchDat?,,,0.02,,,,,,,,,TRUE,,,,,,,,zk,,zk,,,,,FALSE,,,,,,,Darko,Darko,18,moPASQU,-,TRUE,mech,nz,,0.100000001,FALSE,,3/13/23,,,,,Paludella squarrosa,,0,,,,,,,,,Darko,Darko,18,moPASQU,"ORG 1,0",-,mech,nz,,0.1,FALSE,,1,,,0.1,3/13/23,,Paludella squarrosa,0,,,,,,,,,,,,Darko,Darko,,vrt,core,rašel,Mire,FALSE,TRUE,Hájková P.,2019,,,,FALSE,,,,,,,,,,,,,FALSE,,,,,,,Darko,Darko,18,611,,,,,,jiné,FALSE,,,11538,,,,,,,Data odečtená z křivky (Depth Age Model),,,,,,,0,,,,,,,,,,,,,
Darko,Dářko,Radostín,,Žďár nad Sázavou,Vysočina,CZ,Czech Republic,,,,,,155233,493816,15.8758331,49.6377781,622,"Roleček J., BÚ AVČR Brno",2016,2016-01-01,FALSE,Hájková P.,,,TRUE,,,0,,,,,,Darko,Darko,19,,19,613,,,,,FALSE,PB,FALSE,ArchDat?,,,0.02,,,,,,,,,TRUE,,,,,,,,zk,,zk,,,,,FALSE,,,,,,,Darko,Darko,19,BEHNA,-,TRUE,se/plod,nz,12,,FALSE,,3/13/23,,,,,Betula humilis/nana,,0,,,,,,,,,Darko,Darko,19,BEHNA,"ORG 1,0",-,se/plod,nz,12,,FALSE,,1,12,,,3/13/23,,Betula humilis/nana,0,,,,,,,,,,,,Darko,Darko,,vrt,core,rašel,Mire,FALSE,TRUE,Hájková P.,2019,,,,FALSE,,,,,,,,,,,,,FALSE,,,,,,,Darko,Darko,19,613,,,,,,jiné,FALSE,,,11612,,,,,,,Data odečtená z křivky (Depth Age Model),,,,,,,0,,,,,,,,,,,,,
Darko,Dářko,Radostín,,Žďár nad Sázavou,Vysočina,CZ,Czech Republic,,,,,,155233,493816,15.8758331,49.6377781,622,"Roleček J., BÚ AVČR Brno",2016,2016-01-01,FALSE,Hájková P.,,,TRUE,,,0,,,,,,Darko,Darko,19,,19,613,,,,,FALSE,PB,FALSE,ArchDat?,,,0.02,,,,,,,,,TRUE,,,,,,,,zk,,zk,,,,,FALSE,,,,,,,Darko,Darko,19,BEHNA,-,TRUE,dřevo,nz,,60,FALSE,,3/13/23,,,,,Betula humilis/nana,,0,,,,,,,,,Darko,Darko,19,BEHNA,"ORG 1,0",-,dřevo,nz,,60,FALSE,,1,,,60,3/13/23,,Betula humilis/nana,0,,,,,,,,,,,,Darko,Darko,,vrt,core,rašel,Mire,FALSE,TRUE,Hájková P.,2019,,,,FALSE,,,,,,,,,,,,,FALSE,,,,,,,Darko,Darko,19,613,,,,,,jiné,FALSE,,,11612,,,,,,,Data odečtená z křivky (Depth Age Model),,,,,,,0,,,,,,,,,,,,,
Darko,Dářko,Radostín,,Žďár nad Sázavou,Vysočina,CZ,Czech Republic,,,,,,155233,493816,15.8758331,49.6377781,622,"Roleček J., BÚ AVČR Brno",2016,2016-01-01,FALSE,Hájková P.,,,TRUE,,,0,,,,,,Darko,Darko,19,,19,613,,,,,FALSE,PB,FALSE,ArchDat?,,,0.02,,,,,,,,,TRUE,,,,,,,,zk,,zk,,,,,FALSE,,,,,,,Darko,Darko,19,COPAL,-,TRUE,se/plod,nz,3,,FALSE,,3/13/23,,,,,Potentilla palustris,,0,,,,,,,,,Darko,Darko,19,COPAL,"ORG 1,0",-,se/plod,nz,3,,FALSE,,1,3,,,3/13/23,,Potentilla palustris,0,,,,,,,,,,,,Darko,Darko,,vrt,core,rašel,Mire,FALSE,TRUE,Hájková P.,2019,,,,FALSE,,,,,,,,,,,,,FALSE,,,,,,,Darko,Darko,19,613,,,,,,jiné,FALSE,,,11612,,,,,,,Data odečtená z křivky (Depth Age Model),,,,,,,0,,,,,,,,,,,,,
Darko,Dářko,Radostín,,Žďár nad Sázavou,Vysočina,CZ,Czech Republic,,,,,,155233,493816,15.8758331,49.6377781,622,"Roleček J., BÚ AVČR Brno",2016,2016-01-01,FALSE,Hájková P.,,,TRUE,,,0,,,,,,Darko,Darko,19,,19,613,,,,,FALSE,PB,FALSE,ArchDat?,,,0.02,,,,,,,,,TRUE,,,,,,,,zk,,zk,,,,,FALSE,,,,,,,Darko,Darko,19,CAROS,-,TRUE,se/plod,nz,2,,FALSE,,3/13/23,,,,,Carex rostrata,,0,,,,,,,,,Darko,Darko,19,CAROS,"ORG 1,0",-,se/plod,nz,2,,FALSE,,1,2,,,3/13/23,,Carex rostrata,0,,,,,,,,,,,,Darko,Darko,,vrt,core,rašel,Mire,FALSE,TRUE,Hájková P.,2019,,,,FALSE,,,,,,,,,,,,,FALSE,,,,,,,Darko,Darko,19,613,,,,,,jiné,FALSE,,,11612,,,,,,,Data odečtená z křivky (Depth Age Model),,,,,,,0,,,,,,,,,,,,,
Darko,Dářko,Radostín,,Žďár nad Sázavou,Vysočina,CZ,Czech Republic,,,,,,155233,493816,15.8758331,49.6377781,622,"Roleček J., BÚ AVČR Brno",2016,2016-01-01,FALSE,Hájková P.,,,TRUE,,,0,,,,,,Darko,Darko,19,,19,613,,,,,FALSE,PB,FALSE,ArchDat?,,,0.02,,,,,,,,,TRUE,,,,,,,,zk,,zk,,,,,FALSE,,,,,,,Darko,Darko,19,BEHNA,-,TRUE,list,nz,,10,FALSE,,3/13/23,,,,,Betula humilis/nana,,0,,,,,,,,,Darko,Darko,19,BEHNA,"ORG 1,0",-,list,nz,,10,FALSE,,1,,,10,3/13/23,,Betula humilis/nana,0,,,,,,,,,,,,Darko,Darko,,vrt,core,rašel,Mire,FALSE,TRUE,Hájková P.,2019,,,,FALSE,,,,,,,,,,,,,FALSE,,,,,,,Darko,Darko,19,613,,,,,,jiné,FALSE,,,11612,,,,,,,Data odečtená z křivky (Depth Age Model),,,,,,,0,,,,,,,,,,,,,
Darko,Dářko,Radostín,,Žďár nad Sázavou,Vysočina,CZ,Czech Republic,,,,,,155233,493816,15.8758331,49.6377781,622,"Roleček J., BÚ AVČR Brno",2016,2016-01-01,FALSE,Hájková P.,,,TRUE,,,0,,,,,,Darko,Darko,19,,19,613,,,,,FALSE,PB,FALSE,ArchDat?,,,0.02,,,,,,,,,TRUE,,,,,,,,zk,,zk,,,,,FALSE,,,,,,,Darko,Darko,19,moSPREC,-,TRUE,mech,nz,,4,FALSE,,3/13/23,,,,,Sphagnum recurvum agg,,0,,,,,,,,,Darko,Darko,19,moSPREC,"ORG 1,0",-,mech,nz,,4,FALSE,,1,,,4,3/13/23,,Sphagnum recurvum agg,0,,,,,,,,,,,,Darko,Darko,,vrt,core,rašel,Mire,FALSE,TRUE,Hájková P.,2019,,,,FALSE,,,,,,,,,,,,,FALSE,,,,,,,Darko,Darko,19,613,,,,,,jiné,FALSE,,,11612,,,,,,,Data odečtená z křivky (Depth Age Model),,,,,,,0,,,,,,,,,,,,,
Darko,Dářko,Radostín,,Žďár nad Sázavou,Vysočina,CZ,Czech Republic,,,,,,155233,493816,15.8758331,49.6377781,622,"Roleček J., BÚ AVČR Brno",2016,2016-01-01,FALSE,Hájková P.,,,TRUE,,,0,,,,,,Darko,Darko,19,,19,613,,,,,FALSE,PB,FALSE,ArchDat?,,,0.02,,,,,,,,,TRUE,,,,,,,,zk,,zk,,,,,FALSE,,,,,,,Darko,Darko,19,moHOMNI,-,TRUE,mech,nz,,1,FALSE,,3/13/23,,,,,Homalothecium nitens,,0,,,,,,,,,Darko,Darko,19,moHOMNI,"ORG 1,0",-,mech,nz,,1,FALSE,,1,,,1,3/13/23,,Homalothecium nitens,0,,,,,,,,,,,,Darko,Darko,,vrt,core,rašel,Mire,FALSE,TRUE,Hájková P.,2019,,,,FALSE,,,,,,,,,,,,,FALSE,,,,,,,Darko,Darko,19,613,,,,,,jiné,FALSE,,,11612,,,,,,,Data odečtená z křivky (Depth Age Model),,,,,,,0,,,,,,,,,,,,,
Darko,Dářko,Radostín,,Žďár nad Sázavou,Vysočina,CZ,Czech Republic,,,,,,155233,493816,15.8758331,49.6377781,622,"Roleček J., BÚ AVČR Brno",2016,2016-01-01,FALSE,Hájková P.,,,TRUE,,,0,,,,,,Darko,Darko,20,,20,615,,,,,FALSE,DR3,FALSE,ArchDat?,,,0.02,,,,,,,,,TRUE,,,,,,,,zk,,zk,,,,,FALSE,,,,,,,Darko,Darko,20,BEHNA,-,TRUE,dřevo,nz,,15,FALSE,,3/13/23,,,,,Betula humilis/nana,,0,,,,,,,,,Darko,Darko,20,BEHNA,"ORG 1,0",-,dřevo,nz,,15,FALSE,,1,,,15,3/13/23,,Betula humilis/nana,0,,,,,,,,,,,,Darko,Darko,,vrt,core,rašel,Mire,FALSE,TRUE,Hájková P.,2019,,,,FALSE,,,,,,,,,,,,,FALSE,,,,,,,Darko,Darko,20,615,,,,,,jiné,FALSE,,,11680,,,,,,,Data odečtená z křivky (Depth Age Model),,,,,,,0,,,,,,,,,,,,,
Darko,Dářko,Radostín,,Žďár nad Sázavou,Vysočina,CZ,Czech Republic,,,,,,155233,493816,15.8758331,49.6377781,622,"Roleček J., BÚ AVČR Brno",2016,2016-01-01,FALSE,Hájková P.,,,TRUE,,,0,,,,,,Darko,Darko,20,,20,615,,,,,FALSE,DR3,FALSE,ArchDat?,,,0.02,,,,,,,,,TRUE,,,,,,,,zk,,zk,,,,,FALSE,,,,,,,Darko,Darko,20,CAPAR,-,TRUE,se/plod,nz,1,,FALSE,,3/13/23,,,,,Carex appropinquata,,0,,,,,,,,,Darko,Darko,20,CAPAR,"ORG 1,0",-,se/plod,nz,1,,FALSE,,1,1,,,3/13/23,,Carex appropinquata,0,,,,,,,,,,,,Darko,Darko,,vrt,core,rašel,Mire,FALSE,TRUE,Hájková P.,2019,,,,FALSE,,,,,,,,,,,,,FALSE,,,,,,,Darko,Darko,20,615,,,,,,jiné,FALSE,,,11680,,,,,,,Data odečtená z křivky (Depth Age Model),,,,,,,0,,,,,,,,,,,,,
Darko,Dářko,Radostín,,Žďár nad Sázavou,Vysočina,CZ,Czech Republic,,,,,,155233,493816,15.8758331,49.6377781,622,"Roleček J., BÚ AVČR Brno",2016,2016-01-01,FALSE,Hájková P.,,,TRUE,,,0,,,,,,Darko,Darko,20,,20,615,,,,,FALSE,DR3,FALSE,ArchDat?,,,0.02,,,,,,,,,TRUE,,,,,,,,zk,,zk,,,,,FALSE,,,,,,,Darko,Darko,20,CARNI,-,TRUE,se/plod,nz,1,,FALSE,,3/13/23,,,,,Carex nigra,,0,,,,,,,,,Darko,Darko,20,CARNI,"ORG 1,0",-,se/plod,nz,1,,FALSE,,1,1,,,3/13/23,,Carex nigra,0,,,,,,,,,,,,Darko,Darko,,vrt,core,rašel,Mire,FALSE,TRUE,Hájková P.,2019,,,,FALSE,,,,,,,,,,,,,FALSE,,,,,,,Darko,Darko,20,615,,,,,,jiné,FALSE,,,11680,,,,,,,Data odečtená z křivky (Depth Age Model),,,,,,,0,,,,,,,,,,,,,
Darko,Dářko,Radostín,,Žďár nad Sázavou,Vysočina,CZ,Czech Republic,,,,,,155233,493816,15.8758331,49.6377781,622,"Roleček J., BÚ AVČR Brno",2016,2016-01-01,FALSE,Hájková P.,,,TRUE,,,0,,,,,,Darko,Darko,20,,20,615,,,,,FALSE,DR3,FALSE,ArchDat?,,,0.02,,,,,,,,,TRUE,,,,,,,,zk,,zk,,,,,FALSE,,,,,,,Darko,Darko,20,BEHNA,-,TRUE,list,nz,,1,FALSE,,3/13/23,,,,,Betula humilis/nana,,0,,,,,,,,,Darko,Darko,20,BEHNA,"ORG 1,0",-,list,nz,,1,FALSE,,1,,,1,3/13/23,,Betula humilis/nana,0,,,,,,,,,,,,Darko,Darko,,vrt,core,rašel,Mire,FALSE,TRUE,Hájková P.,2019,,,,FALSE,,,,,,,,,,,,,FALSE,,,,,,,Darko,Darko,20,615,,,,,,jiné,FALSE,,,11680,,,,,,,Data odečtená z křivky (Depth Age Model),,,,,,,0,,,,,,,,,,,,,
Darko,Dářko,Radostín,,Žďár nad Sázavou,Vysočina,CZ,Czech Republic,,,,,,155233,493816,15.8758331,49.6377781,622,"Roleček J., BÚ AVČR Brno",2016,2016-01-01,FALSE,Hájková P.,,,TRUE,,,0,,,,,,Darko,Darko,20,,20,615,,,,,FALSE,DR3,FALSE,ArchDat?,,,0.02,,,,,,,,,TRUE,,,,,,,,zk,,zk,,,,,FALSE,,,,,,,Darko,Darko,20,moSPREC,-,TRUE,mech,nz,,35,FALSE,,3/13/23,,,,,Sphagnum recurvum agg,,0,,,,,,,,,Darko,Darko,20,moSPREC,"ORG 1,0",-,mech,nz,,35,FALSE,,1,,,35,3/13/23,,Sphagnum recurvum agg,0,,,,,,,,,,,,Darko,Darko,,vrt,core,rašel,Mire,FALSE,TRUE,Hájková P.,2019,,,,FALSE,,,,,,,,,,,,,FALSE,,,,,,,Darko,Darko,20,615,,,,,,jiné,FALSE,,,11680,,,,,,,Data odečtená z křivky (Depth Age Model),,,,,,,0,,,,,,,,,,,,,
Darko,Dářko,Radostín,,Žďár nad Sázavou,Vysočina,CZ,Czech Republic,,,,,,155233,493816,15.8758331,49.6377781,622,"Roleček J., BÚ AVČR Brno",2016,2016-01-01,FALSE,Hájková P.,,,TRUE,,,0,,,,,,Darko,Darko,20,,20,615,,,,,FALSE,DR3,FALSE,ArchDat?,,,0.02,,,,,,,,,TRUE,,,,,,,,zk,,zk,,,,,FALSE,,,,,,,Darko,Darko,20,moAMBLYS,-,TRUE,mech,nz,,10,FALSE,,3/13/23,,,,,Amblystegiaceae,,0,,,,,,,,,Darko,Darko,20,moAMBLYS,"ORG 1,0",-,mech,nz,,10,FALSE,,1,,,10,3/13/23,,Amblystegiaceae,0,,,,,,,,,,,,Darko,Darko,,vrt,core,rašel,Mire,FALSE,TRUE,Hájková P.,2019,,,,FALSE,,,,,,,,,,,,,FALSE,,,,,,,Darko,Darko,20,615,,,,,,jiné,FALSE,,,11680,,,,,,,Data odečtená z křivky (Depth Age Model),,,,,,,0,,,,,,,,,,,,,
Darko,Dářko,Radostín,,Žďár nad Sázavou,Vysočina,CZ,Czech Republic,,,,,,155233,493816,15.8758331,49.6377781,622,"Roleček J., BÚ AVČR Brno",2016,2016-01-01,FALSE,Hájková P.,,,TRUE,,,0,,,,,,Darko,Darko,20,,20,615,,,,,FALSE,DR3,FALSE,ArchDat?,,,0.02,,,,,,,,,TRUE,,,,,,,,zk,,zk,,,,,FALSE,,,,,,,Darko,Darko,20,moPASQU,-,TRUE,mech,nz,,0.100000001,FALSE,,3/13/23,,,,,Paludella squarrosa,,0,,,,,,,,,Darko,Darko,20,moPASQU,"ORG 1,0",-,mech,nz,,0.1,FALSE,,1,,,0.1,3/13/23,,Paludella squarrosa,0,,,,,,,,,,,,Darko,Darko,,vrt,core,rašel,Mire,FALSE,TRUE,Hájková P.,2019,,,,FALSE,,,,,,,,,,,,,FALSE,,,,,,,Darko,Darko,20,615,,,,,,jiné,FALSE,,,11680,,,,,,,Data odečtená z křivky (Depth Age Model),,,,,,,0,,,,,,,,,,,,,
Darko,Dářko,Radostín,,Žďár nad Sázavou,Vysočina,CZ,Czech Republic,,,,,,155233,493816,15.8758331,49.6377781,622,"Roleček J., BÚ AVČR Brno",2016,2016-01-01,FALSE,Hájková P.,,,TRUE,,,0,,,,,,Darko,Darko,20,,20,615,,,,,FALSE,DR3,FALSE,ArchDat?,,,0.02,,,,,,,,,TRUE,,,,,,,,zk,,zk,,,,,FALSE,,,,,,,Darko,Darko,20,moCALST,-,TRUE,mech,nz,,0.100000001,FALSE,,3/13/23,,,,,Calliergon stramineum,,0,,,,,,,,,Darko,Darko,20,moCALST,"ORG 1,0",-,mech,nz,,0.1,FALSE,,1,,,0.1,3/13/23,,Calliergon stramineum,0,,,,,,,,,,,,Darko,Darko,,vrt,core,rašel,Mire,FALSE,TRUE,Hájková P.,2019,,,,FALSE,,,,,,,,,,,,,FALSE,,,,,,,Darko,Darko,20,615,,,,,,jiné,FALSE,,,11680,,,,,,,Data odečtená z křivky (Depth Age Model),,,,,,,0,,,,,,,,,,,,,
Darko,Dářko,Radostín,,Žďár nad Sázavou,Vysočina,CZ,Czech Republic,,,,,,155233,493816,15.8758331,49.6377781,622,"Roleček J., BÚ AVČR Brno",2016,2016-01-01,FALSE,Hájková P.,,,TRUE,,,0,,,,,,Darko,Darko,21,,21,617,,,,,FALSE,DR3,FALSE,ArchDat?,,,0.015,,,,,,,,,TRUE,,,,,,,,zk,,zk,,,,,FALSE,,,,,,,Darko,Darko,21,BEHNA,-,TRUE,dřevo,nz,,45,FALSE,,3/13/23,,,,,Betula humilis/nana,,0,,,,,,,,,Darko,Darko,21,BEHNA,"ORG 1,0",-,dřevo,nz,,45,FALSE,,1,,,45,3/13/23,,Betula humilis/nana,0,,,,,,,,,,,,Darko,Darko,,vrt,core,rašel,Mire,FALSE,TRUE,Hájková P.,2019,,,,FALSE,,,,,,,,,,,,,FALSE,,,,,,,Darko,Darko,21,617,,,,,,jiné,FALSE,,,11753,,,,,,,Data odečtená z křivky (Depth Age Model),,,,,,,0,,,,,,,,,,,,,
Darko,Dářko,Radostín,,Žďár nad Sázavou,Vysočina,CZ,Czech Republic,,,,,,155233,493816,15.8758331,49.6377781,622,"Roleček J., BÚ AVČR Brno",2016,2016-01-01,FALSE,Hájková P.,,,TRUE,,,0,,,,,,Darko,Darko,21,,21,617,,,,,FALSE,DR3,FALSE,ArchDat?,,,0.015,,,,,,,,,TRUE,,,,,,,,zk,,zk,,,,,FALSE,,,,,,,Darko,Darko,21,CALAS,-,TRUE,se/plod,nz,1,,FALSE,,3/13/23,,,,,Carex lasiocarpa,,0,,,,,,,,,Darko,Darko,21,CALAS,"ORG 1,0",-,se/plod,nz,1,,FALSE,,1,1,,,3/13/23,,Carex lasiocarpa,0,,,,,,,,,,,,Darko,Darko,,vrt,core,rašel,Mire,FALSE,TRUE,Hájková P.,2019,,,,FALSE,,,,,,,,,,,,,FALSE,,,,,,,Darko,Darko,21,617,,,,,,jiné,FALSE,,,11753,,,,,,,Data odečtená z křivky (Depth Age Model),,,,,,,0,,,,,,,,,,,,,
Darko,Dářko,Radostín,,Žďár nad Sázavou,Vysočina,CZ,Czech Republic,,,,,,155233,493816,15.8758331,49.6377781,622,"Roleček J., BÚ AVČR Brno",2016,2016-01-01,FALSE,Hájková P.,,,TRUE,,,0,,,,,,Darko,Darko,21,,21,617,,,,,FALSE,DR3,FALSE,ArchDat?,,,0.015,,,,,,,,,TRUE,,,,,,,,zk,,zk,,,,,FALSE,,,,,,,Darko,Darko,21,BEHNA,-,TRUE,list,nz,,5,FALSE,,3/13/23,,,,,Betula humilis/nana,,0,,,,,,,,,Darko,Darko,21,BEHNA,"ORG 1,0",-,list,nz,,5,FALSE,,1,,,5,3/13/23,,Betula humilis/nana,0,,,,,,,,,,,,Darko,Darko,,vrt,core,rašel,Mire,FALSE,TRUE,Hájková P.,2019,,,,FALSE,,,,,,,,,,,,,FALSE,,,,,,,Darko,Darko,21,617,,,,,,jiné,FALSE,,,11753,,,,,,,Data odečtená z křivky (Depth Age Model),,,,,,,0,,,,,,,,,,,,,
Darko,Dářko,Radostín,,Žďár nad Sázavou,Vysočina,CZ,Czech Republic,,,,,,155233,493816,15.8758331,49.6377781,622,"Roleček J., BÚ AVČR Brno",2016,2016-01-01,FALSE,Hájková P.,,,TRUE,,,0,,,,,,Darko,Darko,21,,21,617,,,,,FALSE,DR3,FALSE,ArchDat?,,,0.015,,,,,,,,,TRUE,,,,,,,,zk,,zk,,,,,FALSE,,,,,,,Darko,Darko,21,moHOMNI,-,TRUE,mech,nz,,1,FALSE,,3/13/23,,,,,Homalothecium nitens,,0,,,,,,,,,Darko,Darko,21,moHOMNI,"ORG 1,0",-,mech,nz,,1,FALSE,,1,,,1,3/13/23,,Homalothecium nitens,0,,,,,,,,,,,,Darko,Darko,,vrt,core,rašel,Mire,FALSE,TRUE,Hájková P.,2019,,,,FALSE,,,,,,,,,,,,,FALSE,,,,,,,Darko,Darko,21,617,,,,,,jiné,FALSE,,,11753,,,,,,,Data odečtená z křivky (Depth Age Model),,,,,,,0,,,,,,,,,,,,,
Darko,Dářko,Radostín,,Žďár nad Sázavou,Vysočina,CZ,Czech Republic,,,,,,155233,493816,15.8758331,49.6377781,622,"Roleček J., BÚ AVČR Brno",2016,2016-01-01,FALSE,Hájková P.,,,TRUE,,,0,,,,,,Darko,Darko,21,,21,617,,,,,FALSE,DR3,FALSE,ArchDat?,,,0.015,,,,,,,,,TRUE,,,,,,,,zk,,zk,,,,,FALSE,,,,,,,Darko,Darko,21,moAMBLYS,-,TRUE,mech,nz,,0.100000001,FALSE,,3/13/23,,,,,Amblystegiaceae,,0,,,,,,,,,Darko,Darko,21,moAMBLYS,"ORG 1,0",-,mech,nz,,0.1,FALSE,,1,,,0.1,3/13/23,,Amblystegiaceae,0,,,,,,,,,,,,Darko,Darko,,vrt,core,rašel,Mire,FALSE,TRUE,Hájková P.,2019,,,,FALSE,,,,,,,,,,,,,FALSE,,,,,,,Darko,Darko,21,617,,,,,,jiné,FALSE,,,11753,,,,,,,Data odečtená z křivky (Depth Age Model),,,,,,,0,,,,,,,,,,,,,
Darko,Dářko,Radostín,,Žďár nad Sázavou,Vysočina,CZ,Czech Republic,,,,,,155233,493816,15.8758331,49.6377781,622,"Roleček J., BÚ AVČR Brno",2016,2016-01-01,FALSE,Hájková P.,,,TRUE,,,0,,,,,,Darko,Darko,22,,22,620,,,,,FALSE,DR3,FALSE,ArchDat?,,,0.02,,,,,,,,,TRUE,,,,,,,,zk,,zk,,,,,FALSE,,,,,,,Darko,Darko,22,CARNI,-,TRUE,se/plod,nz,1,,FALSE,,3/13/23,,,,,Carex nigra,,0,,,,,,,,,Darko,Darko,22,CARNI,"ORG 1,0",-,se/plod,nz,1,,FALSE,,1,1,,,3/13/23,,Carex nigra,0,,,,,,,,,,,,Darko,Darko,,vrt,core,rašel,Mire,FALSE,TRUE,Hájková P.,2019,,,,FALSE,,,,,,,,,,,,,FALSE,,,,,,,Darko,Darko,22,620,,,,,,jiné,FALSE,,,11859,,,,,,,Data odečtená z křivky (Depth Age Model),,,,,,,0,,,,,,,,,,,,,
Darko,Dářko,Radostín,,Žďár nad Sázavou,Vysočina,CZ,Czech Republic,,,,,,155233,493816,15.8758331,49.6377781,622,"Roleček J., BÚ AVČR Brno",2016,2016-01-01,FALSE,Hájková P.,,,TRUE,,,0,,,,,,Darko,Darko,22,,22,620,,,,,FALSE,DR3,FALSE,ArchDat?,,,0.02,,,,,,,,,TRUE,,,,,,,,zk,,zk,,,,,FALSE,,,,,,,Darko,Darko,22,POPUS,A,TRUE,se/plod,nz,1,,FALSE,,3/13/23,,,,,Potamogeton pusillus,,0,,,,,,,,,Darko,Darko,22,POPUS,"ORG 1,0",A,se/plod,nz,1,,FALSE,,1,1,,,3/13/23,,Potamogeton pusillus,0,,,,,,,,,,,,Darko,Darko,,vrt,core,rašel,Mire,FALSE,TRUE,Hájková P.,2019,,,,FALSE,,,,,,,,,,,,,FALSE,,,,,,,Darko,Darko,22,620,,,,,,jiné,FALSE,,,11859,,,,,,,Data odečtená z křivky (Depth Age Model),,,,,,,0,,,,,,,,,,,,,
Darko,Dářko,Radostín,,Žďár nad Sázavou,Vysočina,CZ,Czech Republic,,,,,,155233,493816,15.8758331,49.6377781,622,"Roleček J., BÚ AVČR Brno",2016,2016-01-01,FALSE,Hájková P.,,,TRUE,,,0,,,,,,Darko,Darko,22,,22,620,,,,,FALSE,DR3,FALSE,ArchDat?,,,0.02,,,,,,,,,TRUE,,,,,,,,zk,,zk,,,,,FALSE,,,,,,,Darko,Darko,22,INDET,-,TRUE,uhlík,nz,,1,FALSE,,3/13/23,,,,,uhlíky (ca 1mm),,0,,,,,,,,,Darko,Darko,22,INDET,"ORG 1,0",-,uhlík,nz,,1,FALSE,,1,,,1,3/13/23,,uhlíky (ca 1mm),0,,,,,,,,,,,,Darko,Darko,,vrt,core,rašel,Mire,FALSE,TRUE,Hájková P.,2019,,,,FALSE,,,,,,,,,,,,,FALSE,,,,,,,Darko,Darko,22,620,,,,,,jiné,FALSE,,,11859,,,,,,,Data odečtená z křivky (Depth Age Model),,,,,,,0,,,,,,,,,,,,,
Darko,Dářko,Radostín,,Žďár nad Sázavou,Vysočina,CZ,Czech Republic,,,,,,155233,493816,15.8758331,49.6377781,622,"Roleček J., BÚ AVČR Brno",2016,2016-01-01,FALSE,Hájková P.,,,TRUE,,,0,,,,,,Darko,Darko,22,,22,620,,,,,FALSE,DR3,FALSE,ArchDat?,,,0.02,,,,,,,,,TRUE,,,,,,,,zk,,zk,,,,,FALSE,,,,,,,Darko,Darko,22,BEHNA,-,TRUE,dřevo,nz,,5,FALSE,,3/13/23,,,,,Betula humilis/nana,,0,,,,,,,,,Darko,Darko,22,BEHNA,"ORG 1,0",-,dřevo,nz,,5,FALSE,,1,,,5,3/13/23,,Betula humilis/nana,0,,,,,,,,,,,,Darko,Darko,,vrt,core,rašel,Mire,FALSE,TRUE,Hájková P.,2019,,,,FALSE,,,,,,,,,,,,,FALSE,,,,,,,Darko,Darko,22,620,,,,,,jiné,FALSE,,,11859,,,,,,,Data odečtená z křivky (Depth Age Model),,,,,,,0,,,,,,,,,,,,,
Darko,Dářko,Radostín,,Žďár nad Sázavou,Vysočina,CZ,Czech Republic,,,,,,155233,493816,15.8758331,49.6377781,622,"Roleček J., BÚ AVČR Brno",2016,2016-01-01,FALSE,Hájková P.,,,TRUE,,,0,,,,,,Darko,Darko,22,,22,620,,,,,FALSE,DR3,FALSE,ArchDat?,,,0.02,,,,,,,,,TRUE,,,,,,,,zk,,zk,,,,,FALSE,,,,,,,Darko,Darko,22,COPAL,-,TRUE,se/plod,nz,1,,FALSE,,3/13/23,,,,,Potentilla palustris,,0,,,,,,,,,Darko,Darko,22,COPAL,"ORG 1,0",-,se/plod,nz,1,,FALSE,,1,1,,,3/13/23,,Potentilla palustris,0,,,,,,,,,,,,Darko,Darko,,vrt,core,rašel,Mire,FALSE,TRUE,Hájková P.,2019,,,,FALSE,,,,,,,,,,,,,FALSE,,,,,,,Darko,Darko,22,620,,,,,,jiné,FALSE,,,11859,,,,,,,Data odečtená z křivky (Depth Age Model),,,,,,,0,,,,,,,,,,,,,
Darko,Dářko,Radostín,,Žďár nad Sázavou,Vysočina,CZ,Czech Republic,,,,,,155233,493816,15.8758331,49.6377781,622,"Roleček J., BÚ AVČR Brno",2016,2016-01-01,FALSE,Hájková P.,,,TRUE,,,0,,,,,,Darko,Darko,22,,22,620,,,,,FALSE,DR3,FALSE,ArchDat?,,,0.02,,,,,,,,,TRUE,,,,,,,,zk,,zk,,,,,FALSE,,,,,,,Darko,Darko,22,moHEBLA,-,TRUE,mech,nz,,0.100000001,FALSE,,3/13/23,,,,,Helodium blandowii,,0,,,,,,,,,Darko,Darko,22,moHEBLA,"ORG 1,0",-,mech,nz,,0.1,FALSE,,1,,,0.1,3/13/23,,Helodium blandowii,0,,,,,,,,,,,,Darko,Darko,,vrt,core,rašel,Mire,FALSE,TRUE,Hájková P.,2019,,,,FALSE,,,,,,,,,,,,,FALSE,,,,,,,Darko,Darko,22,620,,,,,,jiné,FALSE,,,11859,,,,,,,Data odečtená z křivky (Depth Age Model),,,,,,,0,,,,,,,,,,,,,
Darko,Dářko,Radostín,,Žďár nad Sázavou,Vysočina,CZ,Czech Republic,,,,,,155233,493816,15.8758331,49.6377781,622,"Roleček J., BÚ AVČR Brno",2016,2016-01-01,FALSE,Hájková P.,,,TRUE,,,0,,,,,,Darko,Darko,23,,23,630,,,,,FALSE,DR3,FALSE,ArchDat?,,,0.02,,,,,,,,,TRUE,,,,,,,,zk,,zk,,,,,FALSE,,,,,,,Darko,Darko,23,BEHNA,-,TRUE,dřevo,nz,,10,FALSE,,3/13/23,,,,,Betula humilis/nana,,0,,,,,,,,,Darko,Darko,23,BEHNA,"ORG 1,0",-,dřevo,nz,,10,FALSE,,1,,,10,3/13/23,,Betula humilis/nana,0,,,,,,,,,,,,Darko,Darko,,vrt,core,rašel,Mire,FALSE,TRUE,Hájková P.,2019,,,,FALSE,,,,,,,,,,,,,FALSE,,,,,,,Darko,Darko,23,630,C14 datace,Carbon-14,Radiocarbon years BP,Poz-102690,,C14 datace,FALSE,10360,60,12224,,,,,,,,,,,,,,0,,,,,,,,,,,,,
Darko,Dářko,Radostín,,Žďár nad Sázavou,Vysočina,CZ,Czech Republic,,,,,,155233,493816,15.8758331,49.6377781,622,"Roleček J., BÚ AVČR Brno",2016,2016-01-01,FALSE,Hájková P.,,,TRUE,,,0,,,,,,Darko,Darko,23,,23,630,,,,,FALSE,DR3,FALSE,ArchDat?,,,0.02,,,,,,,,,TRUE,,,,,,,,zk,,zk,,,,,FALSE,,,,,,,Darko,Darko,23,CAPAR,-,TRUE,se/plod,nz,1,,FALSE,,3/13/23,,,,,Carex appropinquata,,0,,,,,,,,,Darko,Darko,23,CAPAR,"ORG 1,0",-,se/plod,nz,1,,FALSE,,1,1,,,3/13/23,,Carex appropinquata,0,,,,,,,,,,,,Darko,Darko,,vrt,core,rašel,Mire,FALSE,TRUE,Hájková P.,2019,,,,FALSE,,,,,,,,,,,,,FALSE,,,,,,,Darko,Darko,23,630,C14 datace,Carbon-14,Radiocarbon years BP,Poz-102690,,C14 datace,FALSE,10360,60,12224,,,,,,,,,,,,,,0,,,,,,,,,,,,,
Darko,Dářko,Radostín,,Žďár nad Sázavou,Vysočina,CZ,Czech Republic,,,,,,155233,493816,15.8758331,49.6377781,622,"Roleček J., BÚ AVČR Brno",2016,2016-01-01,FALSE,Hájková P.,,,TRUE,,,0,,,,,,Darko,Darko,24,,24,635,,,,,FALSE,DR3,FALSE,ArchDat?,,,0.02,,,,,,,,,TRUE,,,,,,,,zk,,zk,,,,,FALSE,,,,,,,Darko,Darko,24,CARNI,-,TRUE,se/plod,nz,5,,FALSE,,3/13/23,,,,,Carex nigra,,0,,,,,,,,,Darko,Darko,24,CARNI,"ORG 1,0",-,se/plod,nz,5,,FALSE,,1,5,,,3/13/23,,Carex nigra,0,,,,,,,,,,,,Darko,Darko,,vrt,core,rašel,Mire,FALSE,TRUE,Hájková P.,2019,,,,FALSE,,,,,,,,,,,,,FALSE,,,,,,,Darko,Darko,24,635,,,,,,jiné,FALSE,,,12447,,,,,,,Data odečtená z křivky (Depth Age Model),,,,,,,0,,,,,,,,,,,,,
Darko,Dářko,Radostín,,Žďár nad Sázavou,Vysočina,CZ,Czech Republic,,,,,,155233,493816,15.8758331,49.6377781,622,"Roleček J., BÚ AVČR Brno",2016,2016-01-01,FALSE,Hájková P.,,,TRUE,,,0,,,,,,Darko,Darko,24,,24,635,,,,,FALSE,DR3,FALSE,ArchDat?,,,0.02,,,,,,,,,TRUE,,,,,,,,zk,,zk,,,,,FALSE,,,,,,,Darko,Darko,24,BEHNA,-,TRUE,se/plod,nz,1,,FALSE,,3/13/23,,,,,Betula humilis/nana,,0,,,,,,,,,Darko,Darko,24,BEHNA,"ORG 1,0",-,se/plod,nz,1,,FALSE,,1,1,,,3/13/23,,Betula humilis/nana,0,,,,,,,,,,,,Darko,Darko,,vrt,core,rašel,Mire,FALSE,TRUE,Hájková P.,2019,,,,FALSE,,,,,,,,,,,,,FALSE,,,,,,,Darko,Darko,24,635,,,,,,jiné,FALSE,,,12447,,,,,,,Data odečtená z křivky (Depth Age Model),,,,,,,0,,,,,,,,,,,,,
Darko,Dářko,Radostín,,Žďár nad Sázavou,Vysočina,CZ,Czech Republic,,,,,,155233,493816,15.8758331,49.6377781,622,"Roleček J., BÚ AVČR Brno",2016,2016-01-01,FALSE,Hájková P.,,,TRUE,,,0,,,,,,Darko,Darko,24,,24,635,,,,,FALSE,DR3,FALSE,ArchDat?,,,0.02,,,,,,,,,TRUE,,,,,,,,zk,,zk,,,,,FALSE,,,,,,,Darko,Darko,24,BEHNA,-,TRUE,dřevo,nz,,20,FALSE,,3/13/23,,,,,Betula humilis/nana,,0,,,,,,,,,Darko,Darko,24,BEHNA,"ORG 1,0",-,dřevo,nz,,20,FALSE,,1,,,20,3/13/23,,Betula humilis/nana,0,,,,,,,,,,,,Darko,Darko,,vrt,core,rašel,Mire,FALSE,TRUE,Hájková P.,2019,,,,FALSE,,,,,,,,,,,,,FALSE,,,,,,,Darko,Darko,24,635,,,,,,jiné,FALSE,,,12447,,,,,,,Data odečtená z křivky (Depth Age Model),,,,,,,0,,,,,,,,,,,,,
Darko,Dářko,Radostín,,Žďár nad Sázavou,Vysočina,CZ,Czech Republic,,,,,,155233,493816,15.8758331,49.6377781,622,"Roleček J., BÚ AVČR Brno",2016,2016-01-01,FALSE,Hájková P.,,,TRUE,,,0,,,,,,Darko,Darko,24,,24,635,,,,,FALSE,DR3,FALSE,ArchDat?,,,0.02,,,,,,,,,TRUE,,,,,,,,zk,,zk,,,,,FALSE,,,,,,,Darko,Darko,24,moSPREC,-,TRUE,mech,nz,,1,FALSE,,3/13/23,,,,,Sphagnum recurvum agg,,0,,,,,,,,,Darko,Darko,24,moSPREC,"ORG 1,0",-,mech,nz,,1,FALSE,,1,,,1,3/13/23,,Sphagnum recurvum agg,0,,,,,,,,,,,,Darko,Darko,,vrt,core,rašel,Mire,FALSE,TRUE,Hájková P.,2019,,,,FALSE,,,,,,,,,,,,,FALSE,,,,,,,Darko,Darko,24,635,,,,,,jiné,FALSE,,,12447,,,,,,,Data odečtená z křivky (Depth Age Model),,,,,,,0,,,,,,,,,,,,,
Darko,Dářko,Radostín,,Žďár nad Sázavou,Vysočina,CZ,Czech Republic,,,,,,155233,493816,15.8758331,49.6377781,622,"Roleček J., BÚ AVČR Brno",2016,2016-01-01,FALSE,Hájková P.,,,TRUE,,,0,,,,,,Darko,Darko,25,,25,640,,,,,FALSE,DR3,FALSE,ArchDat?,,,0.02,,,,,,,,,TRUE,,,,,,,,zk,,zk,,,,,FALSE,,,,,,,Darko,Darko,25,moSPREC,-,TRUE,mech,nz,,70,FALSE,,3/13/23,,,,,Sphagnum recurvum agg,,0,,,,,,,,,Darko,Darko,25,moSPREC,"ORG 1,0",-,mech,nz,,70,FALSE,,1,,,70,3/13/23,,Sphagnum recurvum agg,0,,,,,,,,,,,,Darko,Darko,,vrt,core,rašel,Mire,FALSE,TRUE,Hájková P.,2019,,,,FALSE,,,,,,,,,,,,,FALSE,,,,,,,Darko,Darko,25,640,,,,,,jiné,FALSE,,,12763,,,,,,,Data odečtená z křivky (Depth Age Model),,,,,,,0,,,,,,,,,,,,,
Darko,Dářko,Radostín,,Žďár nad Sázavou,Vysočina,CZ,Czech Republic,,,,,,155233,493816,15.8758331,49.6377781,622,"Roleček J., BÚ AVČR Brno",2016,2016-01-01,FALSE,Hájková P.,,,TRUE,,,0,,,,,,Darko,Darko,26,,26,645,,,,,FALSE,AL,FALSE,ArchDat?,,,0.02,,,,,,,,,TRUE,,,,,,,,zk,,zk,,,,,FALSE,,,,,,,Darko,Darko,26,SALI,-,TRUE,dřevo,nz,,15,FALSE,,3/13/23,,,,,Salix sp.,,0,,,,,,,,,Darko,Darko,26,SALI,"ORG 1,0",-,dřevo,nz,,15,FALSE,,1,,,15,3/13/23,,Salix sp.,0,,,,,,,,,,,,Darko,Darko,,vrt,core,rašel,Mire,FALSE,TRUE,Hájková P.,2019,,,,FALSE,,,,,,,,,,,,,FALSE,,,,,,,Darko,Darko,26,645,,,,,,jiné,FALSE,,,13143,,,,,,,Data odečtená z křivky (Depth Age Model),,,,,,,0,,,,,,,,,,,,,
Darko,Dářko,Radostín,,Žďár nad Sázavou,Vysočina,CZ,Czech Republic,,,,,,155233,493816,15.8758331,49.6377781,622,"Roleček J., BÚ AVČR Brno",2016,2016-01-01,FALSE,Hájková P.,,,TRUE,,,0,,,,,,Darko,Darko,26,,26,645,,,,,FALSE,AL,FALSE,ArchDat?,,,0.02,,,,,,,,,TRUE,,,,,,,,zk,,zk,,,,,FALSE,,,,,,,Darko,Darko,26,moSPREC,-,TRUE,mech,nz,,5,FALSE,,3/13/23,,,,,Sphagnum recurvum agg,,0,,,,,,,,,Darko,Darko,26,moSPREC,"ORG 1,0",-,mech,nz,,5,FALSE,,1,,,5,3/13/23,,Sphagnum recurvum agg,0,,,,,,,,,,,,Darko,Darko,,vrt,core,rašel,Mire,FALSE,TRUE,Hájková P.,2019,,,,FALSE,,,,,,,,,,,,,FALSE,,,,,,,Darko,Darko,26,645,,,,,,jiné,FALSE,,,13143,,,,,,,Data odečtená z křivky (Depth Age Model),,,,,,,0,,,,,,,,,,,,,
Darko,Dářko,Radostín,,Žďár nad Sázavou,Vysočina,CZ,Czech Republic,,,,,,155233,493816,15.8758331,49.6377781,622,"Roleček J., BÚ AVČR Brno",2016,2016-01-01,FALSE,Hájková P.,,,TRUE,,,0,,,,,,Darko,Darko,27,,27,650,,,,,FALSE,AL,FALSE,ArchDat?,,,0.02,,,,,,,,,TRUE,,,,,,,,zk,,zk,,,,,FALSE,,,,,,,Darko,Darko,27,INDET,-,TRUE,uhlík,nz,,1,FALSE,,3/13/23,,,,,uhlíky (ca 1mm),,0,,,,,,,,,Darko,Darko,27,INDET,"ORG 1,0",-,uhlík,nz,,1,FALSE,,1,,,1,3/13/23,,uhlíky (ca 1mm),0,,,,,,,,,,,,Darko,Darko,,vrt,core,rašel,Mire,FALSE,TRUE,Hájková P.,2019,,,,FALSE,,,,,,,,,,,,,FALSE,,,,,,,Darko,Darko,27,650,C14 datace,Carbon-14,Radiocarbon years BP,Poz-96756,,C14 datace,FALSE,11990,60,13558,,,,,,,,,,,,,,0,,,,,,,,,,,,,